{"features":[{"geometry":{"coordinates":[10.7995,55.3241],"type":"Point"},"properties":{"country":"Denmark","name":"Nybor, Denmark","role":"landing"},"type":"Feature"},{"geometry":{"coordinates":[11.1494,55.3258],"type":"Point"},"properties":{"country":"Denmark","name":"Korsor, Denmark","role":"landing"},"type":"Feature"},{"geometry":{"coordinates":[12.1324,54.0789],"type":"Point"},"properties":{"country":"Germany","name":"Rostock, Germany","role":"landing"},"type":"Feature"},{"geometry":{"coordinates":[12.1495,54.1914],"type":"Point"},"properties":{"country":"Germany","name":"Markgrafenheide, Germany","role":"landing"},"type":"Feature"},{"geometry":{"coordinates":[11.1993,57.3135],"type":"Point"},"properties":{"country":"Denmark","name":"Osterby, Denmark","role":"landing"},"type":"Feature"},{"geometry":{"coordinates":[12.5886,56.1347],"type":"Point"},"properties":{"country":"Sweden","name":"Kristinelund, Sweden","role":"landing"},"type":"Feature"},{"geometry":{"coordinates":[145.6375,15.0111],"type":"Point"},"properties":{"country":"Northern Mariana Islands","name":"Tinian, Northern Mariana Islands","role":"landing"},"type":"Feature"},{"geometry":{"coordinates":[145.7509,15.1777],"type":"Point"},"properties":{"country":"Northern Mariana Islands","name":"Saipan, Northern Mariana Islands","role":"landing"},"type":"Feature"},{"geometry":{"coordinates":[145.2125,14.1518],"type":"Point"},"properties":{"country":"Northern Mariana Islands","name":"Rota, Northern Mariana Islands","role":"landing"},"type":"Feature"},{"geometry":{"coordinates":[-64.948,18.3357],"type":"Point"},"properties":{"country":"Virgin Islands (U.S.)","name":"Vila Olga, Virgin Islands (U.S.)","role":"landing"},"type":"Feature"},{"geometry":{"coordinates":[-64.9438,18.3282],"type":"Point"},"properties":{"country":"Virgin Islands (U.S.)","name":"Banana Bay, Virgin Islands (U.S.)","role":"landing"},"type":"Feature"},{"geometry":{"coordinates":[-64.9578,18.3128],"type":"Point"},"properties":{"country":"Virgin Islands (U.S.)","name":"Flamingo Bay, Virgin Islands (U.S.)","role":"landing"},"type":"Feature"},{"geometry":{"coordinates":[-64.5972,18.4148],"type":"Point"},"properties":{"country":"Virgin Islands (U.K.)","name":"Tortola, Virgin Islands (U.K.)","role":"landing"},"type":"Feature"},{"geometry":{"coordinates":[-64.8432,18.3225],"type":"Point"},"properties":{"country":"Virgin Islands (U.S.)","name":"Great Bay, Virgin Islands (U.S.)","role":"landing"},"type":"Feature"},{"geometry":{"coordinates":[-64.9753,18.3424],"type":"Point"},"properties":{"country":"Virgin Islands (U.S.)","name":"Brewer's Bay, Virgin Islands (U.S.)","role":"landing"},"type":"Feature"},{"geometry":{"coordinates":[-64.8815,17.7124],"type":"Point"},"properties":{"country":"Virgin Islands (U.S.)","name":"Frederiksted, Virgin Islands (U.S.)","role":"landing"},"type":"Feature"},{"geometry":{"coordinates":[-64.7032,17.7467],"type":"Point"},"properties":{"country":"Virgin Islands (U.S.)","name":"Christiansted, Virgin Islands (U.S.)","role":"landing"},"type":"Feature"},{"geometry":{"coordinates":[-5.8082,54.7137],"type":"Point"},"properties":{"country":"United Kingdom","name":"Carrickfergus, United Kingdom","role":"landing"},"type":"Feature"},{"geometry":{"coordinates":[-4.7835,55.6376],"type":"Point"},"properties":{"country":"United Kingdom","name":"Saltcoats, United Kingdom","role":"landing"},"type":"Feature"},{"geometry":{"coordinates":[-4.4809,54.1503],"type":"Point"},"properties":{"country":"Isle of Man","name":"Douglas, Isle of Man","role":"landing"},"type":"Feature"},{"geometry":{"coordinates":[-3.3571,54.2106],"type":"Point"},"properties":{"country":"United Kingdom","name":"Silecroft Beach, United Kingdom","role":"landing"},"type":"Feature"},{"geometry":{"coordinates":[-4.4239,54.167],"type":"Point"},"properties":{"country":"Isle of Man","name":"Groudle Bay, Isle of Man","role":"landing"},"type":"Feature"},{"geometry":{"coordinates":[18.4119,30.5867],"type":"Point"},"properties":{"country":"Libya","name":"Ras Lanuf, Libya","role":"landing"},"type":"Feature"},{"geometry":{"coordinates":[-28.6476,38.5251],"type":"Point"},"properties":{"country":"Portugal","name":"Faial, Portugal","role":"landing"},"type":"Feature"},{"geometry":{"coordinates":[-27.9635,39.011],"type":"Point"},"properties":{"country":"Portugal","name":"Graciosa, Portugal","role":"landing"},"type":"Feature"},{"geometry":{"coordinates":[-31.1105,39.6719],"type":"Point"},"properties":{"country":"Portugal","name":"Corvo, Portugal","role":"landing"},"type":"Feature"},{"geometry":{"coordinates":[-31.1285,39.4622],"type":"Point"},"properties":{"country":"Portugal","name":"Flores, Portugal","role":"landing"},"type":"Feature"},{"geometry":{"coordinates":[-15.4088,28.0406],"type":"Point"},"properties":{"country":"Spain","name":"Piedra Santa, Spain","role":"landing"},"type":"Feature"},{"geometry":{"coordinates":[-16.3624,28.3773],"type":"Point"},"properties":{"country":"Spain","name":"Las Caletillas, Spain","role":"landing"},"type":"Feature"},{"geometry":{"coordinates":[103.5066,10.63],"type":"Point"},"properties":{"country":"Cambodia","name":"Sihanoukville, Cambodia","role":"landing"},"type":"Feature"},{"geometry":{"coordinates":[-68.2767,12.1507],"type":"Point"},"properties":{"country":"Netherlands","name":"Kralendijk, Bonaire, Netherlands","role":"landing"},"type":"Feature"},{"geometry":{"coordinates":[-68.2841,12.1638],"type":"Point"},"properties":{"country":"Sint Eustatius and Saba","name":"North Salina, Bonaire, Sint Eustatius and Saba","role":"landing"},"type":"Feature"},{"geometry":{"coordinates":[79.8893,6.8204],"type":"Point"},"properties":{"country":"Sri Lanka","name":"Ratmalana, Sri Lanka","role":"landing"},"type":"Feature"},{"geometry":{"coordinates":[116.0815,-8.5864],"type":"Point"},"properties":{"country":"Indonesia","name":"Mataram, Indonesia","role":"landing"},"type":"Feature"},{"geometry":{"coordinates":[114.0971,-8.6156],"type":"Point"},"properties":{"country":"Indonesia","name":"Beculuk, Indonesia","role":"landing"},"type":"Feature"},{"geometry":{"coordinates":[119.3884,-1.1425],"type":"Point"},"properties":{"country":"Indonesia","name":"Toweli, Indonesia","role":"landing"},"type":"Feature"},{"geometry":{"coordinates":[117.551,0.3269],"type":"Point"},"properties":{"country":"Indonesia","name":"Sangata, Indonesia","role":"landing"},"type":"Feature"},{"geometry":{"coordinates":[111.7529,-2.8497],"type":"Point"},"properties":{"country":"Indonesia","name":"Pankalan, Indonesia","role":"landing"},"type":"Feature"},{"geometry":{"coordinates":[109.9719,-1.8591],"type":"Point"},"properties":{"country":"Indonesia","name":"Ketapang, Indonesia","role":"landing"},"type":"Feature"},{"geometry":{"coordinates":[114.604,-3.328],"type":"Point"},"properties":{"country":"Indonesia","name":"Banjarmasin, Indonesia","role":"landing"},"type":"Feature"},{"geometry":{"coordinates":[109.3356,-0.0274],"type":"Point"},"properties":{"country":"Indonesia","name":"Pontianak, Indonesia","role":"landing"},"type":"Feature"},{"geometry":{"coordinates":[12.9167,55.5333],"type":"Point"},"properties":{"country":"Sweden","name":"Klagshamn, Sweden","role":"landing"},"type":"Feature"},{"geometry":{"coordinates":[12.4149,55.6472],"type":"Point"},"properties":{"country":"Denmark","name":"Brondby, Denmark","role":"landing"},"type":"Feature"},{"geometry":{"coordinates":[16.5883,31.2053],"type":"Point"},"properties":{"country":"Libya","name":"Sirte, Libya","role":"landing"},"type":"Feature"},{"geometry":{"coordinates":[15.0948,32.3743],"type":"Point"},"properties":{"country":"Libya","name":"Misuratah, Libya","role":"landing"},"type":"Feature"},{"geometry":{"coordinates":[14.2644,32.6497],"type":"Point"},"properties":{"country":"Libya","name":"Al Khums, Libya","role":"landing"},"type":"Feature"},{"geometry":{"coordinates":[12.5298,32.7747],"type":"Point"},"properties":{"country":"Libya","name":"Zawia, Libya","role":"landing"},"type":"Feature"},{"geometry":{"coordinates":[12.0834,32.9334],"type":"Point"},"properties":{"country":"Libya","name":"Zuwara, Libya","role":"landing"},"type":"Feature"},{"geometry":{"coordinates":[-118.3995,33.8622],"type":"Point"},"properties":{"country":"United States","name":"Hermosa Beach, CA, United States","role":"landing"},"type":"Feature"},{"geometry":{"coordinates":[146.1197,-38.8202],"type":"Point"},"properties":{"country":"Australia","name":"Sandy Point, VIC, Australia","role":"landing"},"type":"Feature"},{"geometry":{"coordinates":[146.8502,-41.0333],"type":"Point"},"properties":{"country":"Australia","name":"Four Mile Bluff, TAS, Australia","role":"landing"},"type":"Feature"},{"geometry":{"coordinates":[147.0713,-38.4436],"type":"Point"},"properties":{"country":"Australia","name":"McGaurans Beach, VIC, Australia","role":"landing"},"type":"Feature"},{"geometry":{"coordinates":[145.2941,-40.7604],"type":"Point"},"properties":{"country":"Australia","name":"Stanley, TAS, Australia","role":"landing"},"type":"Feature"},{"geometry":{"coordinates":[145.7295,-38.6335],"type":"Point"},"properties":{"country":"Australia","name":"Inverloch, VIC, Australia","role":"landing"},"type":"Feature"},{"geometry":{"coordinates":[145.6238,-40.9509],"type":"Point"},"properties":{"country":"Australia","name":"Boat Harbour, TAS, Australia","role":"landing"},"type":"Feature"},{"geometry":{"coordinates":[-79.5667,8.95],"type":"Point"},"properties":{"country":"Panama","name":"Balboa, Panama","role":"landing"},"type":"Feature"},{"geometry":{"coordinates":[-80.7162,-0.95],"type":"Point"},"properties":{"country":"Ecuador","name":"Manta, Ecuador","role":"landing"},"type":"Feature"},{"geometry":{"coordinates":[-70.05,12.6166],"type":"Point"},"properties":{"country":"Aruba","name":"Hudishibana, Aruba","role":"landing"},"type":"Feature"},{"geometry":{"coordinates":[4.7485,55.7156],"type":"Point"},"properties":{"country":"Denmark","name":"Tyra, Denmark","role":"landing"},"type":"Feature"},{"geometry":{"coordinates":[4.5643,55.8041],"type":"Point"},"properties":{"country":"Denmark","name":"Valdemar, Denmark","role":"landing"},"type":"Feature"},{"geometry":{"coordinates":[4.2284,56.0783],"type":"Point"},"properties":{"country":"Denmark","name":"South Arne, Denmark","role":"landing"},"type":"Feature"},{"geometry":{"coordinates":[8.7386,41.9193],"type":"Point"},"properties":{"country":"France","name":"Ajaccio, France","role":"landing"},"type":"Feature"},{"geometry":{"coordinates":[5.8781,43.1029],"type":"Point"},"properties":{"country":"France","name":"La Seyne, France","role":"landing"},"type":"Feature"},{"geometry":{"coordinates":[8.9371,42.6365],"type":"Point"},"properties":{"country":"France","name":"L’Île-Rousse, France","role":"landing"},"type":"Feature"},{"geometry":{"coordinates":[-4.6914,54.2224],"type":"Point"},"properties":{"country":"Isle of Man","name":"Peel, Isle of Man","role":"landing"},"type":"Feature"},{"geometry":{"coordinates":[-5.4844,54.5427],"type":"Point"},"properties":{"country":"United Kingdom","name":"Ballywater, United Kingdom","role":"landing"},"type":"Feature"},{"geometry":{"coordinates":[-4.5667,54.1],"type":"Point"},"properties":{"country":"Isle of Man","name":"Port Grenaugh, Isle of Man","role":"landing"},"type":"Feature"},{"geometry":{"coordinates":[73.5402,4.2119],"type":"Point"},"properties":{"country":"Maldives","name":"Hulhumale, Maldives","role":"landing"},"type":"Feature"},{"geometry":{"coordinates":[73.0714,6.6224],"type":"Point"},"properties":{"country":"Maldives","name":"Kulhudhufushi, Maldives","role":"landing"},"type":"Feature"},{"geometry":{"coordinates":[73.0708,5.1032],"type":"Point"},"properties":{"country":"Maldives","name":"Eydhafushi, Maldives","role":"landing"},"type":"Feature"},{"geometry":{"coordinates":[72.9556,3.6081],"type":"Point"},"properties":{"country":"Maldives","name":"Dhangethi, Maldives","role":"landing"},"type":"Feature"},{"geometry":{"coordinates":[73.5447,1.9184],"type":"Point"},"properties":{"country":"Maldives","name":"Gan, Maldives","role":"landing"},"type":"Feature"},{"geometry":{"coordinates":[73.4555,0.2888],"type":"Point"},"properties":{"country":"Maldives","name":"Gahdhoo, Maldives","role":"landing"},"type":"Feature"},{"geometry":{"coordinates":[72.4167,-7.3333],"type":"Point"},"properties":{"country":"British Indian Ocean Territory","name":"Diego Garcia, British Indian Ocean Territory","role":"landing"},"type":"Feature"},{"geometry":{"coordinates":[73.0892,-0.606],"type":"Point"},"properties":{"country":"Maldives","name":"Hithadhoo, Maldives","role":"landing"},"type":"Feature"},{"geometry":{"coordinates":[73.4269,-0.2983],"type":"Point"},"properties":{"country":"Maldives","name":"Fuvahmulah, Maldives","role":"landing"},"type":"Feature"},{"geometry":{"coordinates":[8.7816,-0.721],"type":"Point"},"properties":{"country":"Gabon","name":"Port Gentil, Gabon","role":"landing"},"type":"Feature"},{"geometry":{"coordinates":[-6.1659,53.5263],"type":"Point"},"properties":{"country":"Ireland","name":"Lusk, Ireland","role":"landing"},"type":"Feature"},{"geometry":{"coordinates":[23.9603,32.0796],"type":"Point"},"properties":{"country":"Libya","name":"Tobruk, Libya","role":"landing"},"type":"Feature"},{"geometry":{"coordinates":[21.7417,32.8817],"type":"Point"},"properties":{"country":"Libya","name":"Al Bayda, Libya","role":"landing"},"type":"Feature"},{"geometry":{"coordinates":[20.95,32.7167],"type":"Point"},"properties":{"country":"Libya","name":"Tolmeta, Libya","role":"landing"},"type":"Feature"},{"geometry":{"coordinates":[20.0668,32.1166],"type":"Point"},"properties":{"country":"Libya","name":"Benghazi, Libya","role":"landing"},"type":"Feature"},{"geometry":{"coordinates":[19.5765,30.3781],"type":"Point"},"properties":{"country":"Libya","name":"Brega, Libya","role":"landing"},"type":"Feature"},{"geometry":{"coordinates":[-154.8589,59.9492],"type":"Point"},"properties":{"country":"United States","name":"Fish Camp, AK, United States","role":"landing"},"type":"Feature"},{"geometry":{"coordinates":[-154.8477,59.9726],"type":"Point"},"properties":{"country":"United States","name":"Nondalton, AK, United States","role":"landing"},"type":"Feature"},{"geometry":{"coordinates":[-154.8998,59.7181],"type":"Point"},"properties":{"country":"United States","name":"Newhalen, AK, United States","role":"landing"},"type":"Feature"},{"geometry":{"coordinates":[-154.7528,59.4422],"type":"Point"},"properties":{"country":"United States","name":"Kokhanok, AK, United States","role":"landing"},"type":"Feature"},{"geometry":{"coordinates":[-153.8805,59.7761],"type":"Point"},"properties":{"country":"United States","name":"Pile Bay, AK, United States","role":"landing"},"type":"Feature"},{"geometry":{"coordinates":[-154.9061,59.7548],"type":"Point"},"properties":{"country":"United States","name":"Illiamna, AK, United States","role":"landing"},"type":"Feature"},{"geometry":{"coordinates":[-154.1061,59.7872],"type":"Point"},"properties":{"country":"United States","name":"Pedro Bay, AK, United States","role":"landing"},"type":"Feature"},{"geometry":{"coordinates":[-153.6321,59.6824],"type":"Point"},"properties":{"country":"United States","name":"Williamsport, AK, United States","role":"landing"},"type":"Feature"},{"geometry":{"coordinates":[-149.7322,61.0157],"type":"Point"},"properties":{"country":"United States","name":"McHugh Point, AK, United States","role":"landing"},"type":"Feature"},{"geometry":{"coordinates":[-148.9898,60.8283],"type":"Point"},"properties":{"country":"United States","name":"Portage, AK, United States","role":"landing"},"type":"Feature"},{"geometry":{"coordinates":[80.5399,5.9408],"type":"Point"},"properties":{"country":"Sri Lanka","name":"Matara, Sri Lanka","role":"landing"},"type":"Feature"},{"geometry":{"coordinates":[90.1166,21.8167],"type":"Point"},"properties":{"country":"Bangladesh","name":"Kuakata, Bangladesh","role":"landing"},"type":"Feature"},{"geometry":{"coordinates":[94.3912,16.858],"type":"Point"},"properties":{"country":"Myanmar","name":"Ngwe Saung, Myanmar","role":"landing"},"type":"Feature"},{"geometry":{"coordinates":[38.107,24.0706],"type":"Point"},"properties":{"country":"Saudi Arabia","name":"Yanbu, Saudi Arabia","role":"landing"},"type":"Feature"},{"geometry":{"coordinates":[5.9303,43.1253],"type":"Point"},"properties":{"country":"France","name":"Toulon, France","role":"landing"},"type":"Feature"},{"geometry":{"coordinates":[-77.0403,3.8837],"type":"Point"},"properties":{"country":"Colombia","name":"Buenaventura, Colombia","role":"landing"},"type":"Feature"},{"geometry":{"coordinates":[-72.8051,-45.4583],"type":"Point"},"properties":{"country":"Chile","name":"Puerto Chacabuco, Chile","role":"landing"},"type":"Feature"},{"geometry":{"coordinates":[-73.4795,-43.1175],"type":"Point"},"properties":{"country":"Chile","name":"Quellon, Chile","role":"landing"},"type":"Feature"},{"geometry":{"coordinates":[2.0013,41.304],"type":"Point"},"properties":{"country":"Spain","name":"Gavá, Spain","role":"landing"},"type":"Feature"},{"geometry":{"coordinates":[43.7396,-12.2882],"type":"Point"},"properties":{"country":"Comoros","name":"Fomboni Moheli, Comoros","role":"landing"},"type":"Feature"},{"geometry":{"coordinates":[44.4,-12.1667],"type":"Point"},"properties":{"country":"Comoros","name":"Mutsamudu, Comoros","role":"landing"},"type":"Feature"},{"geometry":{"coordinates":[43.4891,-11.9235],"type":"Point"},"properties":{"country":"Comoros","name":"Chindini, Comoros","role":"landing"},"type":"Feature"},{"geometry":{"coordinates":[123.3,10.95],"type":"Point"},"properties":{"country":"Philippines","name":"Cadiz City, Philippines","role":"landing"},"type":"Feature"},{"geometry":{"coordinates":[-7.3022,57.0736],"type":"Point"},"properties":{"country":"United Kingdom","name":"Coilleag, United Kingdom","role":"landing"},"type":"Feature"},{"geometry":{"coordinates":[-5.0636,55.8586],"type":"Point"},"properties":{"country":"United Kingdom","name":"Ardbeg Point, United Kingdom","role":"landing"},"type":"Feature"},{"geometry":{"coordinates":[-5.02,55.8694],"type":"Point"},"properties":{"country":"United Kingdom","name":"Ardyne Point, United Kingdom","role":"landing"},"type":"Feature"},{"geometry":{"coordinates":[-5.2337,56.7216],"type":"Point"},"properties":{"country":"United Kingdom","name":"Ardgour, United Kingdom","role":"landing"},"type":"Feature"},{"geometry":{"coordinates":[174.8718,-37.8014],"type":"Point"},"properties":{"country":"New Zealand","name":"Raglan, New Zealand","role":"landing"},"type":"Feature"},{"geometry":{"coordinates":[151.2834,59.5833],"type":"Point"},"properties":{"country":"Russia","name":"Ola, Russia","role":"landing"},"type":"Feature"},{"geometry":{"coordinates":[142.9425,53.5775],"type":"Point"},"properties":{"country":"Russia","name":"Okha, Russia","role":"landing"},"type":"Feature"},{"geometry":{"coordinates":[156.2871,52.8124],"type":"Point"},"properties":{"country":"Russia","name":"Ust-Bolsheretsk, Russia","role":"landing"},"type":"Feature"},{"geometry":{"coordinates":[-6.3082,49.9199],"type":"Point"},"properties":{"country":"United Kingdom","name":"Porthcressa Beach, United Kingdom","role":"landing"},"type":"Feature"},{"geometry":{"coordinates":[45.3442,2.0412],"type":"Point"},"properties":{"country":"Somalia","name":"Mogadishu, Somalia","role":"landing"},"type":"Feature"},{"geometry":{"coordinates":[100.0661,6.6135],"type":"Point"},"properties":{"country":"Thailand","name":"Satun, Thailand","role":"landing"},"type":"Feature"},{"geometry":{"coordinates":[101.2773,12.6707],"type":"Point"},"properties":{"country":"Thailand","name":"Rayong, Thailand","role":"landing"},"type":"Feature"},{"geometry":{"coordinates":[103.3937,4.1302],"type":"Point"},"properties":{"country":"Malaysia","name":"Cherating, Malaysia","role":"landing"},"type":"Feature"},{"geometry":{"coordinates":[125.6128,7.08],"type":"Point"},"properties":{"country":"Philippines","name":"Davao, Philippines","role":"landing"},"type":"Feature"},{"geometry":{"coordinates":[36.7708,45.4236],"type":"Point"},"properties":{"country":"Russia","name":"Ilyich, Russia","role":"landing"},"type":"Feature"},{"geometry":{"coordinates":[36.4774,45.357],"type":"Point"},"properties":{"country":"Ukraine","name":"Kerch, Ukraine","role":"landing"},"type":"Feature"},{"geometry":{"coordinates":[3.4962,51.564],"type":"Point"},"properties":{"country":"Netherlands","name":"Domburg, Netherlands","role":"landing"},"type":"Feature"},{"geometry":{"coordinates":[1.5906,52.1578],"type":"Point"},"properties":{"country":"United Kingdom","name":"Aldeburgh, United Kingdom","role":"landing"},"type":"Feature"},{"geometry":{"coordinates":[118.5772,-20.3135],"type":"Point"},"properties":{"country":"Australia","name":"Port Hedland, WA, Australia","role":"landing"},"type":"Feature"},{"geometry":{"coordinates":[130.8431,-12.4675],"type":"Point"},"properties":{"country":"Australia","name":"Darwin, NT, Australia","role":"landing"},"type":"Feature"},{"geometry":{"coordinates":[-155.8947,59.3278],"type":"Point"},"properties":{"country":"United States","name":"Igiugig, AK, United States","role":"landing"},"type":"Feature"},{"geometry":{"coordinates":[-154.3369,60.2004],"type":"Point"},"properties":{"country":"United States","name":"Port Alsworth, AK, United States","role":"landing"},"type":"Feature"},{"geometry":{"coordinates":[123.2814,9.2956],"type":"Point"},"properties":{"country":"Philippines","name":"Dumaguete, Philippines","role":"landing"},"type":"Feature"},{"geometry":{"coordinates":[123.85,8.15],"type":"Point"},"properties":{"country":"Philippines","name":"Ozamiz City, Philippines","role":"landing"},"type":"Feature"},{"geometry":{"coordinates":[124.6319,8.4542],"type":"Point"},"properties":{"country":"Philippines","name":"Cagayan de Oro, Philippines","role":"landing"},"type":"Feature"},{"geometry":{"coordinates":[125.5406,8.9476],"type":"Point"},"properties":{"country":"Philippines","name":"Butuan City, Philippines","role":"landing"},"type":"Feature"},{"geometry":{"coordinates":[121.9413,10.7488],"type":"Point"},"properties":{"country":"Philippines","name":"San Jose de Buenavista, Philippines","role":"landing"},"type":"Feature"},{"geometry":{"coordinates":[-75.829,20.0288],"type":"Point"},"properties":{"country":"Cuba","name":"Santiago de Cuba, Cuba","role":"landing"},"type":"Feature"},{"geometry":{"coordinates":[-9.2322,54.2068],"type":"Point"},"properties":{"country":"Ireland","name":"Killala, Ireland","role":"landing"},"type":"Feature"},{"geometry":{"coordinates":[-8.4728,51.8983],"type":"Point"},"properties":{"country":"Ireland","name":"Cork, Ireland","role":"landing"},"type":"Feature"},{"geometry":{"coordinates":[-53.9602,48.2076],"type":"Point"},"properties":{"country":"Canada","name":"Milton, NL, Canada","role":"landing"},"type":"Feature"},{"geometry":{"coordinates":[-123.9626,45.2019],"type":"Point"},"properties":{"country":"United States","name":"Pacific City, OR, United States","role":"landing"},"type":"Feature"},{"geometry":{"coordinates":[119.9076,-8.4756],"type":"Point"},"properties":{"country":"Indonesia","name":"Labuan Bajo, Indonesia","role":"landing"},"type":"Feature"},{"geometry":{"coordinates":[118.9762,-8.5056],"type":"Point"},"properties":{"country":"Indonesia","name":"Sape, Indonesia","role":"landing"},"type":"Feature"},{"geometry":{"coordinates":[121.6427,-8.8457],"type":"Point"},"properties":{"country":"Indonesia","name":"Ende, Indonesia","role":"landing"},"type":"Feature"},{"geometry":{"coordinates":[118.0822,-8.8412],"type":"Point"},"properties":{"country":"Indonesia","name":"Sumbawa Besar, Indonesia","role":"landing"},"type":"Feature"},{"geometry":{"coordinates":[118.7449,-8.4643],"type":"Point"},"properties":{"country":"Indonesia","name":"Bima, Indonesia","role":"landing"},"type":"Feature"},{"geometry":{"coordinates":[118.7118,-8.7969],"type":"Point"},"properties":{"country":"Indonesia","name":"Saraemee, Indonesia","role":"landing"},"type":"Feature"},{"geometry":{"coordinates":[120.253,-9.6462],"type":"Point"},"properties":{"country":"Indonesia","name":"Waingapu, Indonesia","role":"landing"},"type":"Feature"},{"geometry":{"coordinates":[123.5834,-10.1833],"type":"Point"},"properties":{"country":"Indonesia","name":"Kupang, Indonesia","role":"landing"},"type":"Feature"},{"geometry":{"coordinates":[119.5004,10.8196],"type":"Point"},"properties":{"country":"Philippines","name":"Taytay, Philippines","role":"landing"},"type":"Feature"},{"geometry":{"coordinates":[121.0501,12.3626],"type":"Point"},"properties":{"country":"Philippines","name":"San Jose, Philippines","role":"landing"},"type":"Feature"},{"geometry":{"coordinates":[120.2007,12.005],"type":"Point"},"properties":{"country":"Philippines","name":"Coron, Philippines","role":"landing"},"type":"Feature"},{"geometry":{"coordinates":[25.0874,31.7608],"type":"Point"},"properties":{"country":"Libya","name":"El-Quawef, Libya","role":"landing"},"type":"Feature"},{"geometry":{"coordinates":[166.489,-20.7059],"type":"Point"},"properties":{"country":"New Caledonia","name":"Mouly, New Caledonia","role":"landing"},"type":"Feature"},{"geometry":{"coordinates":[167.1513,-20.7809],"type":"Point"},"properties":{"country":"New Caledonia","name":"Xepenehe, New Caledonia","role":"landing"},"type":"Feature"},{"geometry":{"coordinates":[165.3416,-20.9459],"type":"Point"},"properties":{"country":"New Caledonia","name":"Poindimie, New Caledonia","role":"landing"},"type":"Feature"},{"geometry":{"coordinates":[-27.2158,38.6585],"type":"Point"},"properties":{"country":"Portugal","name":"Angra do Heroismo, Portugal","role":"landing"},"type":"Feature"},{"geometry":{"coordinates":[-25.1413,36.9568],"type":"Point"},"properties":{"country":"Portugal","name":"Vila do Porto, Portugal","role":"landing"},"type":"Feature"},{"geometry":{"coordinates":[-28.4612,38.4323],"type":"Point"},"properties":{"country":"Portugal","name":"Sao Mateus, Portugal","role":"landing"},"type":"Feature"},{"geometry":{"coordinates":[-28.2132,38.6838],"type":"Point"},"properties":{"country":"Portugal","name":"Velas, Portugal","role":"landing"},"type":"Feature"},{"geometry":{"coordinates":[-16.3477,33.0473],"type":"Point"},"properties":{"country":"Portugal","name":"Porto Santo, Portugal","role":"landing"},"type":"Feature"},{"geometry":{"coordinates":[-16.9089,32.6469],"type":"Point"},"properties":{"country":"Portugal","name":"Funchal, Portugal","role":"landing"},"type":"Feature"},{"geometry":{"coordinates":[-60.9497,10.8311],"type":"Point"},"properties":{"country":"Trinidad and Tobago","name":"Toco, Trinidad and Tobago","role":"landing"},"type":"Feature"},{"geometry":{"coordinates":[-60.8403,11.1654],"type":"Point"},"properties":{"country":"Trinidad and Tobago","name":"Pigeon Point, Trinidad and Tobago","role":"landing"},"type":"Feature"},{"geometry":{"coordinates":[-72.6087,18.8646],"type":"Point"},"properties":{"country":"Haiti","name":"Kaliko, Haiti","role":"landing"},"type":"Feature"},{"geometry":{"coordinates":[-151.0001,-16.7301],"type":"Point"},"properties":{"country":"French Polynesia","name":"Huahine, French Polynesia","role":"landing"},"type":"Feature"},{"geometry":{"coordinates":[-149.8296,-17.5388],"type":"Point"},"properties":{"country":"French Polynesia","name":"Moorea, French Polynesia","role":"landing"},"type":"Feature"},{"geometry":{"coordinates":[-151.443,-16.7309],"type":"Point"},"properties":{"country":"French Polynesia","name":"Uturoa, French Polynesia","role":"landing"},"type":"Feature"},{"geometry":{"coordinates":[-151.7495,-16.5063],"type":"Point"},"properties":{"country":"French Polynesia","name":"Vaitape, French Polynesia","role":"landing"},"type":"Feature"},{"geometry":{"coordinates":[120.623,14.0882],"type":"Point"},"properties":{"country":"Philippines","name":"Nasugbu, Philippines","role":"landing"},"type":"Feature"},{"geometry":{"coordinates":[121.4645,13.0458],"type":"Point"},"properties":{"country":"Philippines","name":"Pinamalayan, Philippines","role":"landing"},"type":"Feature"},{"geometry":{"coordinates":[122.75,11.5833],"type":"Point"},"properties":{"country":"Philippines","name":"Roxas City, Philippines","role":"landing"},"type":"Feature"},{"geometry":{"coordinates":[123.6167,12.3667],"type":"Point"},"properties":{"country":"Philippines","name":"Masbate City, Philippines","role":"landing"},"type":"Feature"},{"geometry":{"coordinates":[123.7437,13.1391],"type":"Point"},"properties":{"country":"Philippines","name":"Legazpi City, Philippines","role":"landing"},"type":"Feature"},{"geometry":{"coordinates":[124.6003,12.0699],"type":"Point"},"properties":{"country":"Philippines","name":"Calbayog, Philippines","role":"landing"},"type":"Feature"},{"geometry":{"coordinates":[124.6128,11.0069],"type":"Point"},"properties":{"country":"Philippines","name":"Ormoc, Philippines","role":"landing"},"type":"Feature"},{"geometry":{"coordinates":[123.8946,10.31],"type":"Point"},"properties":{"country":"Philippines","name":"Cebu, Philippines","role":"landing"},"type":"Feature"},{"geometry":{"coordinates":[56.3337,25.1217],"type":"Point"},"properties":{"country":"United Arab Emirates","name":"Fujairah, United Arab Emirates","role":"landing"},"type":"Feature"},{"geometry":{"coordinates":[100.4098,5.3684],"type":"Point"},"properties":{"country":"Malaysia","name":"Penang, Malaysia","role":"landing"},"type":"Feature"},{"geometry":{"coordinates":[100.5951,7.1988],"type":"Point"},"properties":{"country":"Thailand","name":"Songkhla, Thailand","role":"landing"},"type":"Feature"},{"geometry":{"coordinates":[-73.6559,40.6003],"type":"Point"},"properties":{"country":"United States","name":"Island Park, NY, United States","role":"landing"},"type":"Feature"},{"geometry":{"coordinates":[108.2147,16.0516],"type":"Point"},"properties":{"country":"Vietnam","name":"Danang, Vietnam","role":"landing"},"type":"Feature"},{"geometry":{"coordinates":[103.8499,2.2955],"type":"Point"},"properties":{"country":"Malaysia","name":"Mersing, Malaysia","role":"landing"},"type":"Feature"},{"geometry":{"coordinates":[103.6471,1.3382],"type":"Point"},"properties":{"country":"Singapore","name":"Tuas, Singapore","role":"landing"},"type":"Feature"},{"geometry":{"coordinates":[-74.3379,39.6039],"type":"Point"},"properties":{"country":"United States","name":"Tuckerton, NJ, United States","role":"landing"},"type":"Feature"},{"geometry":{"coordinates":[-80.0889,26.3503],"type":"Point"},"properties":{"country":"United States","name":"Boca Raton, FL, United States","role":"landing"},"type":"Feature"},{"geometry":{"coordinates":[127.6806,26.2124],"type":"Point"},"properties":{"country":"Japan","name":"Naha, Japan","role":"landing"},"type":"Feature"},{"geometry":{"coordinates":[121.8015,24.8636],"type":"Point"},"properties":{"country":"Taiwan","name":"Toucheng, Taiwan","role":"landing"},"type":"Feature"},{"geometry":{"coordinates":[67.0285,24.8894],"type":"Point"},"properties":{"country":"Pakistan","name":"Karachi, Pakistan","role":"landing"},"type":"Feature"},{"geometry":{"coordinates":[43.1617,11.5737],"type":"Point"},"properties":{"country":"Djibouti","name":"Haramous, Djibouti","role":"landing"},"type":"Feature"},{"geometry":{"coordinates":[32.4666,34.7664],"type":"Point"},"properties":{"country":"Cyprus","name":"Yeroskipos, Cyprus","role":"landing"},"type":"Feature"},{"geometry":{"coordinates":[-158.1306,21.354],"type":"Point"},"properties":{"country":"United States","name":"Kahe Point, HI, United States","role":"landing"},"type":"Feature"},{"geometry":{"coordinates":[-71.6205,-33.0458],"type":"Point"},"properties":{"country":"Chile","name":"Valparaíso, Chile","role":"landing"},"type":"Feature"},{"geometry":{"coordinates":[-76.8743,-12.2785],"type":"Point"},"properties":{"country":"Peru","name":"Lurin, Peru","role":"landing"},"type":"Feature"},{"geometry":{"coordinates":[-43.2096,-22.9034],"type":"Point"},"properties":{"country":"Brazil","name":"Rio de Janeiro, Brazil","role":"landing"},"type":"Feature"},{"geometry":{"coordinates":[-46.3281,-23.9618],"type":"Point"},"properties":{"country":"Brazil","name":"Santos, Brazil","role":"landing"},"type":"Feature"},{"geometry":{"coordinates":[-56.6955,-36.4725],"type":"Point"},"properties":{"country":"Argentina","name":"Las Toninas, Argentina","role":"landing"},"type":"Feature"},{"geometry":{"coordinates":[-54.9502,-34.9004],"type":"Point"},"properties":{"country":"Uruguay","name":"Maldonado, Uruguay","role":"landing"},"type":"Feature"},{"geometry":{"coordinates":[-79.5467,8.9341],"type":"Point"},"properties":{"country":"Panama","name":"Fort Amador, Panama","role":"landing"},"type":"Feature"},{"geometry":{"coordinates":[139.9755,35.0054],"type":"Point"},"properties":{"country":"Japan","name":"Maruyama, Japan","role":"landing"},"type":"Feature"},{"geometry":{"coordinates":[-158.2206,21.4634],"type":"Point"},"properties":{"country":"United States","name":"Makaha, HI, United States","role":"landing"},"type":"Feature"},{"geometry":{"coordinates":[-120.8472,35.3667],"type":"Point"},"properties":{"country":"United States","name":"Morro Bay, CA, United States","role":"landing"},"type":"Feature"},{"geometry":{"coordinates":[-5.6545,50.043],"type":"Point"},"properties":{"country":"United Kingdom","name":"Porthcurno, United Kingdom","role":"landing"},"type":"Feature"},{"geometry":{"coordinates":[-5.1459,36.4271],"type":"Point"},"properties":{"country":"Spain","name":"Estepona, Spain","role":"landing"},"type":"Feature"},{"geometry":{"coordinates":[178.4374,-18.1238],"type":"Point"},"properties":{"country":"Fiji","name":"Suva, Fiji","role":"landing"},"type":"Feature"},{"geometry":{"coordinates":[8.4838,44.3055],"type":"Point"},"properties":{"country":"Italy","name":"Savona, Italy","role":"landing"},"type":"Feature"},{"geometry":{"coordinates":[-69.8787,12.4141],"type":"Point"},"properties":{"country":"Aruba","name":"Baby Beach, Aruba","role":"landing"},"type":"Feature"},{"geometry":{"coordinates":[-63.574,44.6458],"type":"Point"},"properties":{"country":"Canada","name":"Halifax, NS, Canada","role":"landing"},"type":"Feature"},{"geometry":{"coordinates":[-70.9503,42.4637],"type":"Point"},"properties":{"country":"United States","name":"Lynn, MA, United States","role":"landing"},"type":"Feature"},{"geometry":{"coordinates":[-6.2483,53.348],"type":"Point"},"properties":{"country":"Ireland","name":"Dublin, Ireland","role":"landing"},"type":"Feature"},{"geometry":{"coordinates":[-3.0064,53.6479],"type":"Point"},"properties":{"country":"United Kingdom","name":"Southport, United Kingdom","role":"landing"},"type":"Feature"},{"geometry":{"coordinates":[-4.5444,50.8281],"type":"Point"},"properties":{"country":"United Kingdom","name":"Bude, United Kingdom","role":"landing"},"type":"Feature"},{"geometry":{"coordinates":[-66.1067,18.4658],"type":"Point"},"properties":{"country":"United States","name":"San Juan, PR, United States","role":"landing"},"type":"Feature"},{"geometry":{"coordinates":[-70.3067,-18.4738],"type":"Point"},"properties":{"country":"Chile","name":"Arica, Chile","role":"landing"},"type":"Feature"},{"geometry":{"coordinates":[103.987,1.389],"type":"Point"},"properties":{"country":"Singapore","name":"Changi North, Singapore","role":"landing"},"type":"Feature"},{"geometry":{"coordinates":[28.2537,36.8552],"type":"Point"},"properties":{"country":"Turkey","name":"Marmaris, Turkey","role":"landing"},"type":"Feature"},{"geometry":{"coordinates":[12.5913,37.6501],"type":"Point"},"properties":{"country":"Italy","name":"Mazara del Vallo, Italy","role":"landing"},"type":"Feature"},{"geometry":{"coordinates":[-9.1028,38.4427],"type":"Point"},"properties":{"country":"Portugal","name":"Sesimbra, Portugal","role":"landing"},"type":"Feature"},{"geometry":{"coordinates":[-5.1745,50.0248],"type":"Point"},"properties":{"country":"United Kingdom","name":"Goonhilly Downs, United Kingdom","role":"landing"},"type":"Feature"},{"geometry":{"coordinates":[8.3834,54.8985],"type":"Point"},"properties":{"country":"Germany","name":"Sylt, Germany","role":"landing"},"type":"Feature"},{"geometry":{"coordinates":[-17.4519,14.6866],"type":"Point"},"properties":{"country":"Senegal","name":"Dakar, Senegal","role":"landing"},"type":"Feature"},{"geometry":{"coordinates":[-6.0872,36.2766],"type":"Point"},"properties":{"country":"Spain","name":"Conil de la Frontera, Spain","role":"landing"},"type":"Feature"},{"geometry":{"coordinates":[-77.3403,25.067],"type":"Point"},"properties":{"country":"Bahamas","name":"Nassau, Bahamas","role":"landing"},"type":"Feature"},{"geometry":{"coordinates":[-74.195,22.6297],"type":"Point"},"properties":{"country":"Bahamas","name":"Crooked Island, Bahamas","role":"landing"},"type":"Feature"},{"geometry":{"coordinates":[-72.1202,21.8511],"type":"Point"},"properties":{"country":"Turks and Caicos Islands","name":"Providenciales, Turks and Caicos Islands","role":"landing"},"type":"Feature"},{"geometry":{"coordinates":[-68.4383,18.6213],"type":"Point"},"properties":{"country":"Dominican Republic","name":"Punta Cana, Dominican Republic","role":"landing"},"type":"Feature"},{"geometry":{"coordinates":[-70.6912,19.7993],"type":"Point"},"properties":{"country":"Dominican Republic","name":"Puerto Plata, Dominican Republic","role":"landing"},"type":"Feature"},{"geometry":{"coordinates":[-72.9527,11.4829],"type":"Point"},"properties":{"country":"Colombia","name":"Riohacha, Colombia","role":"landing"},"type":"Feature"},{"geometry":{"coordinates":[-83.7715,11.9918],"type":"Point"},"properties":{"country":"Nicaragua","name":"Bluefields, Nicaragua","role":"landing"},"type":"Feature"},{"geometry":{"coordinates":[-83.7768,15.2612],"type":"Point"},"properties":{"country":"Honduras","name":"Puerto Lempira, Honduras","role":"landing"},"type":"Feature"},{"geometry":{"coordinates":[-85.9548,15.9152],"type":"Point"},"properties":{"country":"Honduras","name":"Trujillo, Honduras","role":"landing"},"type":"Feature"},{"geometry":{"coordinates":[-88.5972,15.7271],"type":"Point"},"properties":{"country":"Guatemala","name":"Puerto Barrios, Guatemala","role":"landing"},"type":"Feature"},{"geometry":{"coordinates":[-122.9898,45.5229],"type":"Point"},"properties":{"country":"United States","name":"Hillsboro, OR, United States","role":"landing"},"type":"Feature"},{"geometry":{"coordinates":[9.1093,39.2153],"type":"Point"},"properties":{"country":"Italy","name":"Cagliari, Italy","role":"landing"},"type":"Feature"},{"geometry":{"coordinates":[11.7968,42.0911],"type":"Point"},"properties":{"country":"Italy","name":"Civitavecchia, Italy","role":"landing"},"type":"Feature"},{"geometry":{"coordinates":[9.4964,40.9236],"type":"Point"},"properties":{"country":"Italy","name":"Olbia, Italy","role":"landing"},"type":"Feature"},{"geometry":{"coordinates":[50.3121,29.2458],"type":"Point"},"properties":{"country":"Iran","name":"Khark Island, Iran","role":"landing"},"type":"Feature"},{"geometry":{"coordinates":[49.4781,29.0725],"type":"Point"},"properties":{"country":"Iran","name":"Soroosh Platform, Iran","role":"landing"},"type":"Feature"},{"geometry":{"coordinates":[56.258,25.617],"type":"Point"},"properties":{"country":"Oman","name":"Diba, Oman","role":"landing"},"type":"Feature"},{"geometry":{"coordinates":[103.9466,1.3273],"type":"Point"},"properties":{"country":"Singapore","name":"Tanah Merah, Singapore","role":"landing"},"type":"Feature"},{"geometry":{"coordinates":[121.9251,30.8647],"type":"Point"},"properties":{"country":"China","name":"Nanhui, China","role":"landing"},"type":"Feature"},{"geometry":{"coordinates":[-80.0533,26.7154],"type":"Point"},"properties":{"country":"United States","name":"West Palm Beach, FL, United States","role":"landing"},"type":"Feature"},{"geometry":{"coordinates":[-64.9371,18.373],"type":"Point"},"properties":{"country":"United States","name":"Magen’s Bay, VI, United States","role":"landing"},"type":"Feature"},{"geometry":{"coordinates":[35.9993,36.0823],"type":"Point"},"properties":{"country":"Turkey","name":"Samandag, Turkey","role":"landing"},"type":"Feature"},{"geometry":{"coordinates":[33.2363,35.2991],"type":"Point"},"properties":{"country":"Cyprus","name":"Girne, Cyprus","role":"landing"},"type":"Feature"},{"geometry":{"coordinates":[32.9667,36.1],"type":"Point"},"properties":{"country":"Turkey","name":"Bozyazi, Turkey","role":"landing"},"type":"Feature"},{"geometry":{"coordinates":[122.9499,14.1166],"type":"Point"},"properties":{"country":"Philippines","name":"Daet, Philippines","role":"landing"},"type":"Feature"},{"geometry":{"coordinates":[-2.2259,49.2157],"type":"Point"},"properties":{"country":"Jersey","name":"St. Ouens Bay, Jersey","role":"landing"},"type":"Feature"},{"geometry":{"coordinates":[-2.0213,49.2253],"type":"Point"},"properties":{"country":"Jersey","name":"Archirondel, Jersey","role":"landing"},"type":"Feature"},{"geometry":{"coordinates":[-75.7335,22.1833],"type":"Point"},"properties":{"country":"Bahamas","name":"Duncan Town, Bahamas","role":"landing"},"type":"Feature"},{"geometry":{"coordinates":[7.0174,43.5529],"type":"Point"},"properties":{"country":"France","name":"Cannes, France","role":"landing"},"type":"Feature"},{"geometry":{"coordinates":[12.5369,56.0749],"type":"Point"},"properties":{"country":"Denmark","name":"Alsgarde, Denmark","role":"landing"},"type":"Feature"},{"geometry":{"coordinates":[7.9963,58.151],"type":"Point"},"properties":{"country":"Norway","name":"Kristiansand, Norway","role":"landing"},"type":"Feature"},{"geometry":{"coordinates":[7.4272,43.7397],"type":"Point"},"properties":{"country":"Monaco","name":"Monte Carlo, Monaco","role":"landing"},"type":"Feature"},{"geometry":{"coordinates":[18.4857,40.1481],"type":"Point"},"properties":{"country":"Italy","name":"Otranto, Italy","role":"landing"},"type":"Feature"},{"geometry":{"coordinates":[13.5202,45.4331],"type":"Point"},"properties":{"country":"Croatia","name":"Umag, Croatia","role":"landing"},"type":"Feature"},{"geometry":{"coordinates":[12.2441,45.4959],"type":"Point"},"properties":{"country":"Italy","name":"Mestre, Italy","role":"landing"},"type":"Feature"},{"geometry":{"coordinates":[21.6164,63.0952],"type":"Point"},"properties":{"country":"Finland","name":"Vaasa, Finland","role":"landing"},"type":"Feature"},{"geometry":{"coordinates":[20.263,63.8259],"type":"Point"},"properties":{"country":"Sweden","name":"Umeå, Sweden","role":"landing"},"type":"Feature"},{"geometry":{"coordinates":[17.9465,58.9029],"type":"Point"},"properties":{"country":"Sweden","name":"Nynashamn, Sweden","role":"landing"},"type":"Feature"},{"geometry":{"coordinates":[24.2766,59.4008],"type":"Point"},"properties":{"country":"Estonia","name":"Meremöisa, Estonia","role":"landing"},"type":"Feature"},{"geometry":{"coordinates":[18.1064,42.6419],"type":"Point"},"properties":{"country":"Croatia","name":"Dubrovnik, Croatia","role":"landing"},"type":"Feature"},{"geometry":{"coordinates":[20.0154,39.6836],"type":"Point"},"properties":{"country":"Greece","name":"Aethos, Greece","role":"landing"},"type":"Feature"},{"geometry":{"coordinates":[19.9195,39.6193],"type":"Point"},"properties":{"country":"Greece","name":"Corfu, Greece","role":"landing"},"type":"Feature"},{"geometry":{"coordinates":[19.4501,41.3167],"type":"Point"},"properties":{"country":"Albania","name":"Durres, Albania","role":"landing"},"type":"Feature"},{"geometry":{"coordinates":[-59.6134,13.099],"type":"Point"},"properties":{"country":"Barbados","name":"Bridgetown, Barbados","role":"landing"},"type":"Feature"},{"geometry":{"coordinates":[-61.0068,13.9942],"type":"Point"},"properties":{"country":"Saint Lucia","name":"Castries, Saint Lucia","role":"landing"},"type":"Feature"},{"geometry":{"coordinates":[-61.5331,16.241],"type":"Point"},"properties":{"country":"Guadeloupe","name":"Pointe-a-Pitre, Guadeloupe","role":"landing"},"type":"Feature"},{"geometry":{"coordinates":[-61.3707,15.2518],"type":"Point"},"properties":{"country":"Dominica","name":"Roseau, Dominica","role":"landing"},"type":"Feature"},{"geometry":{"coordinates":[-63.0572,18.2174],"type":"Point"},"properties":{"country":"Anguilla","name":"The Valley, Anguilla","role":"landing"},"type":"Feature"},{"geometry":{"coordinates":[-73.0641,22.4016],"type":"Point"},"properties":{"country":"Bahamas","name":"Mayaguana, Bahamas","role":"landing"},"type":"Feature"},{"geometry":{"coordinates":[103.4667,-0.8165],"type":"Point"},"properties":{"country":"Indonesia","name":"Kuala Tungkal, Indonesia","role":"landing"},"type":"Feature"},{"geometry":{"coordinates":[104.0166,1.0668],"type":"Point"},"properties":{"country":"Indonesia","name":"Batam, Indonesia","role":"landing"},"type":"Feature"},{"geometry":{"coordinates":[103.7042,1.2589],"type":"Point"},"properties":{"country":"Singapore","name":"Sakra Island, Singapore","role":"landing"},"type":"Feature"},{"geometry":{"coordinates":[-120.6214,35.1206],"type":"Point"},"properties":{"country":"United States","name":"Grover Beach, CA, United States","role":"landing"},"type":"Feature"},{"geometry":{"coordinates":[136.8744,34.3368],"type":"Point"},"properties":{"country":"Japan","name":"Shima, Japan","role":"landing"},"type":"Feature"},{"geometry":{"coordinates":[140.6123,36.3836],"type":"Point"},"properties":{"country":"Japan","name":"Ajigaura, Japan","role":"landing"},"type":"Feature"},{"geometry":{"coordinates":[-72.9123,40.7731],"type":"Point"},"properties":{"country":"United States","name":"Brookhaven, NY, United States","role":"landing"},"type":"Feature"},{"geometry":{"coordinates":[4.6569,52.4863],"type":"Point"},"properties":{"country":"Netherlands","name":"Beverwijk, Netherlands","role":"landing"},"type":"Feature"},{"geometry":{"coordinates":[-5.6985,50.0785],"type":"Point"},"properties":{"country":"United Kingdom","name":"Whitesands Bay, United Kingdom","role":"landing"},"type":"Feature"},{"geometry":{"coordinates":[-117.0382,32.5308],"type":"Point"},"properties":{"country":"Mexico","name":"Tijuana, Mexico","role":"landing"},"type":"Feature"},{"geometry":{"coordinates":[-73.3441,40.9095],"type":"Point"},"properties":{"country":"United States","name":"Northport, NY, United States","role":"landing"},"type":"Feature"},{"geometry":{"coordinates":[174.7679,-36.788],"type":"Point"},"properties":{"country":"New Zealand","name":"Takapuna, New Zealand","role":"landing"},"type":"Feature"},{"geometry":{"coordinates":[174.6234,-36.7888],"type":"Point"},"properties":{"country":"New Zealand","name":"Whenuapai, New Zealand","role":"landing"},"type":"Feature"},{"geometry":{"coordinates":[-1.65,49.2833],"type":"Point"},"properties":{"country":"France","name":"Surville, France","role":"landing"},"type":"Feature"},{"geometry":{"coordinates":[-2.2014,49.2479],"type":"Point"},"properties":{"country":"Jersey","name":"Greve de Lecq, Jersey","role":"landing"},"type":"Feature"},{"geometry":{"coordinates":[-2.5295,49.451],"type":"Point"},"properties":{"country":"Guernsey","name":"Havelet Bay, Guernsey","role":"landing"},"type":"Feature"},{"geometry":{"coordinates":[-60.1296,46.2529],"type":"Point"},"properties":{"country":"Canada","name":"New Victoria, NS, Canada","role":"landing"},"type":"Feature"},{"geometry":{"coordinates":[-58.6866,47.6177],"type":"Point"},"properties":{"country":"Canada","name":"Rose Blanche, NL, Canada","role":"landing"},"type":"Feature"},{"geometry":{"coordinates":[-2.5335,49.5034],"type":"Point"},"properties":{"country":"Guernsey","name":"L'Ancresse Bay, Guernsey","role":"landing"},"type":"Feature"},{"geometry":{"coordinates":[-2.558,49.4233],"type":"Point"},"properties":{"country":"Guernsey","name":"Saints Bay, Guernsey","role":"landing"},"type":"Feature"},{"geometry":{"coordinates":[-2.5376,49.5095],"type":"Point"},"properties":{"country":"Guernsey","name":"Pembroke, Guernsey","role":"landing"},"type":"Feature"},{"geometry":{"coordinates":[8.7834,3.7498],"type":"Point"},"properties":{"country":"Equatorial Guinea","name":"Malabo, Equatorial Guinea","role":"landing"},"type":"Feature"},{"geometry":{"coordinates":[2.6052,39.5523],"type":"Point"},"properties":{"country":"Spain","name":"Palma, Spain","role":"landing"},"type":"Feature"},{"geometry":{"coordinates":[-17.7652,28.6632],"type":"Point"},"properties":{"country":"Spain","name":"Santa Cruz de La Palma, Canary Islands, Spain","role":"landing"},"type":"Feature"},{"geometry":{"coordinates":[-16.5181,28.0591],"type":"Point"},"properties":{"country":"Spain","name":"Granadilla de Abona, Spain","role":"landing"},"type":"Feature"},{"geometry":{"coordinates":[-175.2,-21.1333],"type":"Point"},"properties":{"country":"Tonga","name":"Nuku'alofa, Tonga","role":"landing"},"type":"Feature"},{"geometry":{"coordinates":[-77.8446,24.6898],"type":"Point"},"properties":{"country":"Bahamas","name":"Fresh Creek, Bahamas","role":"landing"},"type":"Feature"},{"geometry":{"coordinates":[-74.8405,23.6521],"type":"Point"},"properties":{"country":"Bahamas","name":"Port Nelson, Bahamas","role":"landing"},"type":"Feature"},{"geometry":{"coordinates":[-75.788,23.5166],"type":"Point"},"properties":{"country":"Bahamas","name":"George Town, Bahamas","role":"landing"},"type":"Feature"},{"geometry":{"coordinates":[-74.9662,23.0983],"type":"Point"},"properties":{"country":"Bahamas","name":"Clarence Town, Bahamas","role":"landing"},"type":"Feature"},{"geometry":{"coordinates":[-74.5302,24.0525],"type":"Point"},"properties":{"country":"Bahamas","name":"Cockburn Town, Bahamas","role":"landing"},"type":"Feature"},{"geometry":{"coordinates":[-76.2406,25.1961],"type":"Point"},"properties":{"country":"Bahamas","name":"Governors Harbor, Bahamas","role":"landing"},"type":"Feature"},{"geometry":{"coordinates":[122.7928,-0.9388],"type":"Point"},"properties":{"country":"Indonesia","name":"Luwuk, Indonesia","role":"landing"},"type":"Feature"},{"geometry":{"coordinates":[123.3402,-1.301],"type":"Point"},"properties":{"country":"Indonesia","name":"Salakan, Indonesia","role":"landing"},"type":"Feature"},{"geometry":{"coordinates":[123.5275,-1.6003],"type":"Point"},"properties":{"country":"Indonesia","name":"Bangga, Indonesia","role":"landing"},"type":"Feature"},{"geometry":{"coordinates":[124.7741,-1.8268],"type":"Point"},"properties":{"country":"Indonesia","name":"Taliabu, Indonesia","role":"landing"},"type":"Feature"},{"geometry":{"coordinates":[125.937,-2.2014],"type":"Point"},"properties":{"country":"Indonesia","name":"Sanana, Indonesia","role":"landing"},"type":"Feature"},{"geometry":{"coordinates":[122.513,-3.9984],"type":"Point"},"properties":{"country":"Indonesia","name":"Kendari, Indonesia","role":"landing"},"type":"Feature"},{"geometry":{"coordinates":[123.1239,-4.1361],"type":"Point"},"properties":{"country":"Indonesia","name":"Wawonii, Indonesia","role":"landing"},"type":"Feature"},{"geometry":{"coordinates":[122.7211,-4.8324],"type":"Point"},"properties":{"country":"Indonesia","name":"Raha, Indonesia","role":"landing"},"type":"Feature"},{"geometry":{"coordinates":[122.8561,-4.7923],"type":"Point"},"properties":{"country":"Indonesia","name":"Buranga, Indonesia","role":"landing"},"type":"Feature"},{"geometry":{"coordinates":[122.5599,-5.3891],"type":"Point"},"properties":{"country":"Indonesia","name":"Lakudo, Indonesia","role":"landing"},"type":"Feature"},{"geometry":{"coordinates":[122.5969,-5.5071],"type":"Point"},"properties":{"country":"Indonesia","name":"Baubau, Indonesia","role":"landing"},"type":"Feature"},{"geometry":{"coordinates":[4.6137,52.4585],"type":"Point"},"properties":{"country":"Netherlands","name":"Ijmuiden, Netherlands","role":"landing"},"type":"Feature"},{"geometry":{"coordinates":[-144.9722,-14.4498],"type":"Point"},"properties":{"country":"French Polynesia","name":"Takaroa, French Polynesia","role":"landing"},"type":"Feature"},{"geometry":{"coordinates":[-145.9581,-14.4029],"type":"Point"},"properties":{"country":"French Polynesia","name":"Manihi, French Polynesia","role":"landing"},"type":"Feature"},{"geometry":{"coordinates":[-147.6513,-15.1162],"type":"Point"},"properties":{"country":"French Polynesia","name":"Rangiroa, French Polynesia","role":"landing"},"type":"Feature"},{"geometry":{"coordinates":[-146.7862,-15.2899],"type":"Point"},"properties":{"country":"French Polynesia","name":"Arutua, French Polynesia","role":"landing"},"type":"Feature"},{"geometry":{"coordinates":[-146.6738,-15.7414],"type":"Point"},"properties":{"country":"French Polynesia","name":"Kaukura, French Polynesia","role":"landing"},"type":"Feature"},{"geometry":{"coordinates":[-145.6246,-16.3103],"type":"Point"},"properties":{"country":"French Polynesia","name":"Fakarava, French Polynesia","role":"landing"},"type":"Feature"},{"geometry":{"coordinates":[-143.8672,-16.5396],"type":"Point"},"properties":{"country":"French Polynesia","name":"Makemo, French Polynesia","role":"landing"},"type":"Feature"},{"geometry":{"coordinates":[-149.3081,-17.7233],"type":"Point"},"properties":{"country":"French Polynesia","name":"Hitia'a, French Polynesia","role":"landing"},"type":"Feature"},{"geometry":{"coordinates":[-139.0211,-9.7547],"type":"Point"},"properties":{"country":"French Polynesia","name":"Hiva Oa, French Polynesia","role":"landing"},"type":"Feature"},{"geometry":{"coordinates":[-140.1421,-8.8605],"type":"Point"},"properties":{"country":"French Polynesia","name":"Nuku Hiva, French Polynesia","role":"landing"},"type":"Feature"},{"geometry":{"coordinates":[175.2853,-40.6253],"type":"Point"},"properties":{"country":"New Zealand","name":"Levin, New Zealand","role":"landing"},"type":"Feature"},{"geometry":{"coordinates":[-174.3503,-19.8114],"type":"Point"},"properties":{"country":"Tonga","name":"Pangai, Tonga","role":"landing"},"type":"Feature"},{"geometry":{"coordinates":[-173.9837,-18.6477],"type":"Point"},"properties":{"country":"Tonga","name":"Neiafu, Tonga","role":"landing"},"type":"Feature"},{"geometry":{"coordinates":[-159.7242,21.9703],"type":"Point"},"properties":{"country":"United States","name":"Kekaha, HI, United States","role":"landing"},"type":"Feature"},{"geometry":{"coordinates":[-155.8312,20.0403],"type":"Point"},"properties":{"country":"United States","name":"Kawaihae, HI, United States","role":"landing"},"type":"Feature"},{"geometry":{"coordinates":[-156.44,20.6636],"type":"Point"},"properties":{"country":"United States","name":"Makena, HI, United States","role":"landing"},"type":"Feature"},{"geometry":{"coordinates":[-156.6845,20.9009],"type":"Point"},"properties":{"country":"United States","name":"Lahaina, HI, United States","role":"landing"},"type":"Feature"},{"geometry":{"coordinates":[-157.0239,21.0933],"type":"Point"},"properties":{"country":"United States","name":"Kaunakakai, HI, United States","role":"landing"},"type":"Feature"},{"geometry":{"coordinates":[-157.6689,21.272],"type":"Point"},"properties":{"country":"United States","name":"Hawaii Kai, HI, United States","role":"landing"},"type":"Feature"},{"geometry":{"coordinates":[12.0701,67.5026],"type":"Point"},"properties":{"country":"Norway","name":"Røst, Norway","role":"landing"},"type":"Feature"},{"geometry":{"coordinates":[14.4001,67.286],"type":"Point"},"properties":{"country":"Norway","name":"Bodø, Norway","role":"landing"},"type":"Feature"},{"geometry":{"coordinates":[14.3445,35.9387],"type":"Point"},"properties":{"country":"Malta","name":"Golden Bay, Malta","role":"landing"},"type":"Feature"},{"geometry":{"coordinates":[14.2713,36.0204],"type":"Point"},"properties":{"country":"Malta","name":"Mgarr ix-Xini, Malta","role":"landing"},"type":"Feature"},{"geometry":{"coordinates":[63.4482,-19.6743],"type":"Point"},"properties":{"country":"Mauritius","name":"Grand Baie (Rodrigues), Mauritius","role":"landing"},"type":"Feature"},{"geometry":{"coordinates":[-140.9081,-18.2158],"type":"Point"},"properties":{"country":"French Polynesia","name":"Hao, French Polynesia","role":"landing"},"type":"Feature"},{"geometry":{"coordinates":[124.8396,1.4908],"type":"Point"},"properties":{"country":"Indonesia","name":"Manado, Indonesia","role":"landing"},"type":"Feature"},{"geometry":{"coordinates":[125.373,2.7546],"type":"Point"},"properties":{"country":"Indonesia","name":"Ondong Siau, Indonesia","role":"landing"},"type":"Feature"},{"geometry":{"coordinates":[125.4855,3.6111],"type":"Point"},"properties":{"country":"Indonesia","name":"Tahuna, Indonesia","role":"landing"},"type":"Feature"},{"geometry":{"coordinates":[126.7173,4.043],"type":"Point"},"properties":{"country":"Indonesia","name":"Melonguane, Indonesia","role":"landing"},"type":"Feature"},{"geometry":{"coordinates":[128.4008,2.3657],"type":"Point"},"properties":{"country":"Indonesia","name":"Morotai, Indonesia","role":"landing"},"type":"Feature"},{"geometry":{"coordinates":[127.9679,1.7146],"type":"Point"},"properties":{"country":"Indonesia","name":"Tobelo, Indonesia","role":"landing"},"type":"Feature"},{"geometry":{"coordinates":[127.3613,0.7958],"type":"Point"},"properties":{"country":"Indonesia","name":"Ternate, Indonesia","role":"landing"},"type":"Feature"},{"geometry":{"coordinates":[127.5614,0.735],"type":"Point"},"properties":{"country":"Indonesia","name":"Sofifi, Indonesia","role":"landing"},"type":"Feature"},{"geometry":{"coordinates":[127.4041,0.674],"type":"Point"},"properties":{"country":"Indonesia","name":"Tidore, Indonesia","role":"landing"},"type":"Feature"},{"geometry":{"coordinates":[-62.8505,17.8979],"type":"Point"},"properties":{"country":"Saint Barthélemy","name":"Gustavia, Saint Barthélemy","role":"landing"},"type":"Feature"},{"geometry":{"coordinates":[-63.0781,18.0899],"type":"Point"},"properties":{"country":"Saint Martin","name":"St. Louis, Saint Martin","role":"landing"},"type":"Feature"},{"geometry":{"coordinates":[-61.5717,16.2445],"type":"Point"},"properties":{"country":"Guadeloupe","name":"Baie-Mahault, Guadeloupe","role":"landing"},"type":"Feature"},{"geometry":{"coordinates":[-76.6894,17.943],"type":"Point"},"properties":{"country":"Jamaica","name":"Copa Club, Jamaica","role":"landing"},"type":"Feature"},{"geometry":{"coordinates":[151.8585,7.44],"type":"Point"},"properties":{"country":"Micronesia","name":"Weno, Chuuk, Micronesia","role":"landing"},"type":"Feature"},{"geometry":{"coordinates":[138.0615,9.4439],"type":"Point"},"properties":{"country":"Micronesia","name":"Magachgil, Yap, Micronesia","role":"landing"},"type":"Feature"},{"geometry":{"coordinates":[134.5609,7.5317],"type":"Point"},"properties":{"country":"Palau","name":"Ngeremlengui, Palau","role":"landing"},"type":"Feature"},{"geometry":{"coordinates":[-118.416,33.9199],"type":"Point"},"properties":{"country":"United States","name":"El Segundo, CA, United States","role":"landing"},"type":"Feature"},{"geometry":{"coordinates":[13.2014,-9.4901],"type":"Point"},"properties":{"country":"Angola","name":"Sangano, Angola","role":"landing"},"type":"Feature"},{"geometry":{"coordinates":[45.0335,12.8007],"type":"Point"},"properties":{"country":"Yemen","name":"Aden, Yemen","role":"landing"},"type":"Feature"},{"geometry":{"coordinates":[43.148,11.5947],"type":"Point"},"properties":{"country":"Djibouti","name":"Djibouti City, Djibouti","role":"landing"},"type":"Feature"},{"geometry":{"coordinates":[-2.2949,60.441],"type":"Point"},"properties":{"country":"United Kingdom","name":"BP Clair Ridge, United Kingdom","role":"landing"},"type":"Feature"},{"geometry":{"coordinates":[-63.1457,18.0597],"type":"Point"},"properties":{"country":"Saint Martin","name":"Baie Longue, Saint Martin","role":"landing"},"type":"Feature"},{"geometry":{"coordinates":[-63.0458,18.0302],"type":"Point"},"properties":{"country":"Sint Maarten","name":"Philipsburg, Sint Maarten","role":"landing"},"type":"Feature"},{"geometry":{"coordinates":[45.2333,-12.7833],"type":"Point"},"properties":{"country":"Mayotte","name":"Mamoudzou, Mayotte","role":"landing"},"type":"Feature"},{"geometry":{"coordinates":[115.8572,-31.9534],"type":"Point"},"properties":{"country":"Australia","name":"Perth, WA, Australia","role":"landing"},"type":"Feature"},{"geometry":{"coordinates":[151.1962,-33.9137],"type":"Point"},"properties":{"country":"Australia","name":"Alexandria, NSW, Australia","role":"landing"},"type":"Feature"},{"geometry":{"coordinates":[147.1885,-9.4796],"type":"Point"},"properties":{"country":"Papua New Guinea","name":"Port Moresby, Papua New Guinea","role":"landing"},"type":"Feature"},{"geometry":{"coordinates":[144.2402,-7.4135],"type":"Point"},"properties":{"country":"Papua New Guinea","name":"Kikori, Papua New Guinea","role":"landing"},"type":"Feature"},{"geometry":{"coordinates":[-53.6734,66.9395],"type":"Point"},"properties":{"country":"Greenland","name":"Sisimiut, Greenland","role":"landing"},"type":"Feature"},{"geometry":{"coordinates":[-52.9057,65.4077],"type":"Point"},"properties":{"country":"Greenland","name":"Maniitsoq, Greenland","role":"landing"},"type":"Feature"},{"geometry":{"coordinates":[-52.8591,68.707],"type":"Point"},"properties":{"country":"Greenland","name":"Aasiaat, Greenland","role":"landing"},"type":"Feature"},{"geometry":{"coordinates":[-15.7911,11.7741],"type":"Point"},"properties":{"country":"Guinea-Bissau","name":"Suro, Guinea-Bissau","role":"landing"},"type":"Feature"},{"geometry":{"coordinates":[18.4499,-33.6933],"type":"Point"},"properties":{"country":"South Africa","name":"Duynefontein, South Africa","role":"landing"},"type":"Feature"},{"geometry":{"coordinates":[-172.1782,-13.6706],"type":"Point"},"properties":{"country":"Samoa","name":"Tuasivi, Samoa","role":"landing"},"type":"Feature"},{"geometry":{"coordinates":[-72.9534,-41.4604],"type":"Point"},"properties":{"country":"Chile","name":"Puerto Montt, Chile","role":"landing"},"type":"Feature"},{"geometry":{"coordinates":[-70.9333,-53.1667],"type":"Point"},"properties":{"country":"Chile","name":"Punta Arenas, Chile","role":"landing"},"type":"Feature"},{"geometry":{"coordinates":[-67.6059,-54.9352],"type":"Point"},"properties":{"country":"Chile","name":"Puerto Williams, Chile","role":"landing"},"type":"Feature"},{"geometry":{"coordinates":[-73.5369,-47.8012],"type":"Point"},"properties":{"country":"Chile","name":"Tortel, Chile","role":"landing"},"type":"Feature"},{"geometry":{"coordinates":[-78.8785,42.8854],"type":"Point"},"properties":{"country":"United States","name":"Buffalo, NY, United States","role":"landing"},"type":"Feature"},{"geometry":{"coordinates":[-79.3853,43.6486],"type":"Point"},"properties":{"country":"Canada","name":"Toronto, ON, Canada","role":"landing"},"type":"Feature"},{"geometry":{"coordinates":[-80.1439,26.0523],"type":"Point"},"properties":{"country":"United States","name":"Dania Beach, FL, United States","role":"landing"},"type":"Feature"},{"geometry":{"coordinates":[-75.1582,19.9396],"type":"Point"},"properties":{"country":"Cuba","name":"Guantanamo Bay, Cuba","role":"landing"},"type":"Feature"},{"geometry":{"coordinates":[-1.6178,54.9782],"type":"Point"},"properties":{"country":"United Kingdom","name":"Newcastle, United Kingdom","role":"landing"},"type":"Feature"},{"geometry":{"coordinates":[8.7184,55.5231],"type":"Point"},"properties":{"country":"Denmark","name":"Endrup, Denmark","role":"landing"},"type":"Feature"},{"geometry":{"coordinates":[6.816,53.4428],"type":"Point"},"properties":{"country":"Netherlands","name":"Eemshaven, Netherlands","role":"landing"},"type":"Feature"},{"geometry":{"coordinates":[-59.5363,13.0626],"type":"Point"},"properties":{"country":"Barbados","name":"Pegwell, Barbados","role":"landing"},"type":"Feature"},{"geometry":{"coordinates":[-58.1548,6.8045],"type":"Point"},"properties":{"country":"Guyana","name":"Georgetown, Guyana","role":"landing"},"type":"Feature"},{"geometry":{"coordinates":[79.8668,6.8332],"type":"Point"},"properties":{"country":"Sri Lanka","name":"Mt. Lavinia, Sri Lanka","role":"landing"},"type":"Feature"},{"geometry":{"coordinates":[-52.6456,5.1683],"type":"Point"},"properties":{"country":"French Guiana","name":"Kourou, French Guiana","role":"landing"},"type":"Feature"},{"geometry":{"coordinates":[105.6971,-10.4374],"type":"Point"},"properties":{"country":"Christmas Island","name":"Flying Fish Cove, Christmas Island","role":"landing"},"type":"Feature"},{"geometry":{"coordinates":[-178.1581,-14.2968],"type":"Point"},"properties":{"country":"Wallis and Futuna","name":"Leava, Wallis and Futuna","role":"landing"},"type":"Feature"},{"geometry":{"coordinates":[-176.175,-13.282],"type":"Point"},"properties":{"country":"Wallis and Futuna","name":"Mata-Utu, Wallis and Futuna","role":"landing"},"type":"Feature"},{"geometry":{"coordinates":[179.3497,-16.808],"type":"Point"},"properties":{"country":"Fiji","name":"Savusavu, Fiji","role":"landing"},"type":"Feature"},{"geometry":{"coordinates":[173.284,-41.2723],"type":"Point"},"properties":{"country":"New Zealand","name":"Nelson, New Zealand","role":"landing"},"type":"Feature"},{"geometry":{"coordinates":[6.7333,0.3333],"type":"Point"},"properties":{"country":"Sao Tome and Principe","name":"Sao Tome, Sao Tome and Principe","role":"landing"},"type":"Feature"},{"geometry":{"coordinates":[5.6369,-1.4351],"type":"Point"},"properties":{"country":"Equatorial Guinea","name":"Annobon, Equatorial Guinea","role":"landing"},"type":"Feature"},{"geometry":{"coordinates":[96.2482,16.7587],"type":"Point"},"properties":{"country":"Myanmar","name":"Thanlyin, Myanmar","role":"landing"},"type":"Feature"},{"geometry":{"coordinates":[153.0894,-26.6518],"type":"Point"},"properties":{"country":"Australia","name":"Maroochydore, QLD, Australia","role":"landing"},"type":"Feature"},{"geometry":{"coordinates":[130.6321,-11.7626],"type":"Point"},"properties":{"country":"Australia","name":"Wurrumiyanga, NT, Australia","role":"landing"},"type":"Feature"},{"geometry":{"coordinates":[10.3921,63.431],"type":"Point"},"properties":{"country":"Norway","name":"Trondheim, Norway","role":"landing"},"type":"Feature"},{"geometry":{"coordinates":[17.56,68.4206],"type":"Point"},"properties":{"country":"Norway","name":"Narvik, Norway","role":"landing"},"type":"Feature"},{"geometry":{"coordinates":[13.0182,66.1981],"type":"Point"},"properties":{"country":"Norway","name":"Nesna, Norway","role":"landing"},"type":"Feature"},{"geometry":{"coordinates":[12.6315,66.0215],"type":"Point"},"properties":{"country":"Norway","name":"Sandnessjøen, Norway","role":"landing"},"type":"Feature"},{"geometry":{"coordinates":[12.2077,65.4736],"type":"Point"},"properties":{"country":"Norway","name":"Brønnøysund, Norway","role":"landing"},"type":"Feature"},{"geometry":{"coordinates":[11.2373,64.8621],"type":"Point"},"properties":{"country":"Norway","name":"Rørvik, Norway","role":"landing"},"type":"Feature"},{"geometry":{"coordinates":[13.5636,66.293],"type":"Point"},"properties":{"country":"Norway","name":"Utskarpen, Norway","role":"landing"},"type":"Feature"},{"geometry":{"coordinates":[13.6245,66.2242],"type":"Point"},"properties":{"country":"Norway","name":"Hemnesberget, Norway","role":"landing"},"type":"Feature"},{"geometry":{"coordinates":[14.142,66.3137],"type":"Point"},"properties":{"country":"Norway","name":"Mo I Rana, Norway","role":"landing"},"type":"Feature"},{"geometry":{"coordinates":[121.6123,13.9353],"type":"Point"},"properties":{"country":"Philippines","name":"Lucena, Philippines","role":"landing"},"type":"Feature"},{"geometry":{"coordinates":[122.5621,10.7202],"type":"Point"},"properties":{"country":"Philippines","name":"Iloilo City, Philippines","role":"landing"},"type":"Feature"},{"geometry":{"coordinates":[12.3719,55.2561],"type":"Point"},"properties":{"country":"Denmark","name":"Rødvig, Denmark","role":"landing"},"type":"Feature"},{"geometry":{"coordinates":[14.7083,55.101],"type":"Point"},"properties":{"country":"Denmark","name":"Rønne, Denmark","role":"landing"},"type":"Feature"},{"geometry":{"coordinates":[93.9274,7.0313],"type":"Point"},"properties":{"country":"India","name":"Great Nicobar, India","role":"landing"},"type":"Feature"},{"geometry":{"coordinates":[93.4814,8.1722],"type":"Point"},"properties":{"country":"India","name":"Kamorta, India","role":"landing"},"type":"Feature"},{"geometry":{"coordinates":[114.5272,-8.2946],"type":"Point"},"properties":{"country":"Indonesia","name":"Candikusuma, Indonesia","role":"landing"},"type":"Feature"},{"geometry":{"coordinates":[116.0473,-8.4855],"type":"Point"},"properties":{"country":"Indonesia","name":"Senggigi, Indonesia","role":"landing"},"type":"Feature"},{"geometry":{"coordinates":[117.8616,-8.1081],"type":"Point"},"properties":{"country":"Indonesia","name":"Kawinda Nae, Indonesia","role":"landing"},"type":"Feature"},{"geometry":{"coordinates":[115.2596,-8.6951],"type":"Point"},"properties":{"country":"Indonesia","name":"Sanur, Indonesia","role":"landing"},"type":"Feature"},{"geometry":{"coordinates":[113.4568,-8.3741],"type":"Point"},"properties":{"country":"Indonesia","name":"Puger, Indonesia","role":"landing"},"type":"Feature"},{"geometry":{"coordinates":[115.1598,-8.7841],"type":"Point"},"properties":{"country":"Indonesia","name":"Jimbaran, Indonesia","role":"landing"},"type":"Feature"},{"geometry":{"coordinates":[107.6964,-3.196],"type":"Point"},"properties":{"country":"Indonesia","name":"Mentigi, Indonesia","role":"landing"},"type":"Feature"},{"geometry":{"coordinates":[106.8334,-6.129],"type":"Point"},"properties":{"country":"Indonesia","name":"Ancol, Indonesia","role":"landing"},"type":"Feature"},{"geometry":{"coordinates":[107.1209,-5.9813],"type":"Point"},"properties":{"country":"Indonesia","name":"Tanjung Pakis, Indonesia","role":"landing"},"type":"Feature"},{"geometry":{"coordinates":[106.1325,-1.8515],"type":"Point"},"properties":{"country":"Indonesia","name":"Sungailiat, Indonesia","role":"landing"},"type":"Feature"},{"geometry":{"coordinates":[105.8839,-6.0737],"type":"Point"},"properties":{"country":"Indonesia","name":"Anyer, Indonesia","role":"landing"},"type":"Feature"},{"geometry":{"coordinates":[105.5849,-5.7693],"type":"Point"},"properties":{"country":"Indonesia","name":"Kalianda, Indonesia","role":"landing"},"type":"Feature"},{"geometry":{"coordinates":[114.6668,-3.8828],"type":"Point"},"properties":{"country":"Indonesia","name":"Takesung, Indonesia","role":"landing"},"type":"Feature"},{"geometry":{"coordinates":[112.5982,-6.9533],"type":"Point"},"properties":{"country":"Indonesia","name":"Ujung Pankah, Indonesia","role":"landing"},"type":"Feature"},{"geometry":{"coordinates":[112.5856,-5.7935],"type":"Point"},"properties":{"country":"Indonesia","name":"Bawean, Indonesia","role":"landing"},"type":"Feature"},{"geometry":{"coordinates":[104.8745,-2.2953],"type":"Point"},"properties":{"country":"Indonesia","name":"Sungsang, Indonesia","role":"landing"},"type":"Feature"},{"geometry":{"coordinates":[105.1643,-2.0652],"type":"Point"},"properties":{"country":"Indonesia","name":"Muntok, Indonesia","role":"landing"},"type":"Feature"},{"geometry":{"coordinates":[-5.7115,-15.9186],"type":"Point"},"properties":{"country":"Ascension and Tristan da Cunha","name":"Rupert's Bay, Saint Helena, Ascension and Tristan da Cunha","role":"landing"},"type":"Feature"},{"geometry":{"coordinates":[114.3104,-8.448],"type":"Point"},"properties":{"country":"Indonesia","name":"Muncar, Indonesia","role":"landing"},"type":"Feature"},{"geometry":{"coordinates":[112.7197,-7.2719],"type":"Point"},"properties":{"country":"Indonesia","name":"Banyu Urip, Indonesia","role":"landing"},"type":"Feature"},{"geometry":{"coordinates":[110.1879,-7.0265],"type":"Point"},"properties":{"country":"Indonesia","name":"Kendal, Indonesia","role":"landing"},"type":"Feature"},{"geometry":{"coordinates":[108.5667,-6.7167],"type":"Point"},"properties":{"country":"Indonesia","name":"Cirebon, Indonesia","role":"landing"},"type":"Feature"},{"geometry":{"coordinates":[-157.4278,1.8721],"type":"Point"},"properties":{"country":"Kiribati","name":"Tabwakea, Kiribati","role":"landing"},"type":"Feature"},{"geometry":{"coordinates":[-171.8115,-9.1746],"type":"Point"},"properties":{"country":"Tokelau","name":"Nukunonu, Tokelau","role":"landing"},"type":"Feature"},{"geometry":{"coordinates":[-74.0629,40.1529],"type":"Point"},"properties":{"country":"United States","name":"Wall Township, NJ, United States","role":"landing"},"type":"Feature"},{"geometry":{"coordinates":[8.3292,55.7517],"type":"Point"},"properties":{"country":"Denmark","name":"Blaabjerg, Denmark","role":"landing"},"type":"Feature"},{"geometry":{"coordinates":[-9.6965,53.7708],"type":"Point"},"properties":{"country":"Ireland","name":"Lecanvey, Ireland","role":"landing"},"type":"Feature"},{"geometry":{"coordinates":[98.6761,3.7521],"type":"Point"},"properties":{"country":"Indonesia","name":"Medan, Indonesia","role":"landing"},"type":"Feature"},{"geometry":{"coordinates":[100.3133,2.4524],"type":"Point"},"properties":{"country":"Indonesia","name":"Panipahan, Indonesia","role":"landing"},"type":"Feature"},{"geometry":{"coordinates":[101.4476,1.6656],"type":"Point"},"properties":{"country":"Indonesia","name":"Dumai, Indonesia","role":"landing"},"type":"Feature"},{"geometry":{"coordinates":[151.274,-33.7612],"type":"Point"},"properties":{"country":"Australia","name":"Brookvale, NSW, Australia","role":"landing"},"type":"Feature"},{"geometry":{"coordinates":[144.6947,13.4647],"type":"Point"},"properties":{"country":"Guam","name":"Piti, Guam","role":"landing"},"type":"Feature"},{"geometry":{"coordinates":[139.961,34.9741],"type":"Point"},"properties":{"country":"Japan","name":"Minamiboso, Japan","role":"landing"},"type":"Feature"},{"geometry":{"coordinates":[92.8164,9.1775],"type":"Point"},"properties":{"country":"India","name":"Car Nicobar, India","role":"landing"},"type":"Feature"},{"geometry":{"coordinates":[92.5972,10.7091],"type":"Point"},"properties":{"country":"India","name":"Little Andaman, India","role":"landing"},"type":"Feature"},{"geometry":{"coordinates":[92.9876,11.9761],"type":"Point"},"properties":{"country":"India","name":"Havelock, India","role":"landing"},"type":"Feature"},{"geometry":{"coordinates":[92.9351,12.3965],"type":"Point"},"properties":{"country":"India","name":"Long Island, India","role":"landing"},"type":"Feature"},{"geometry":{"coordinates":[92.9139,12.5069],"type":"Point"},"properties":{"country":"India","name":"Rangat, India","role":"landing"},"type":"Feature"},{"geometry":{"coordinates":[-123.9564,45.2311],"type":"Point"},"properties":{"country":"United States","name":"Cloverdale, OR, United States","role":"landing"},"type":"Feature"},{"geometry":{"coordinates":[-109.0504,25.6007],"type":"Point"},"properties":{"country":"Mexico","name":"Topolobampo, Mexico","role":"landing"},"type":"Feature"},{"geometry":{"coordinates":[-110.3055,24.1026],"type":"Point"},"properties":{"country":"Mexico","name":"La Paz, Mexico","role":"landing"},"type":"Feature"},{"geometry":{"coordinates":[151.207,-33.8697],"type":"Point"},"properties":{"country":"Australia","name":"Sydney, NSW, Australia","role":"landing"},"type":"Feature"},{"geometry":{"coordinates":[159.9498,-9.4291],"type":"Point"},"properties":{"country":"Solomon Islands","name":"Honiara, Solomon Islands","role":"landing"},"type":"Feature"},{"geometry":{"coordinates":[160.7013,-8.7746],"type":"Point"},"properties":{"country":"Solomon Islands","name":"Auki, Solomon Islands","role":"landing"},"type":"Feature"},{"geometry":{"coordinates":[157.1907,-8.2421],"type":"Point"},"properties":{"country":"Solomon Islands","name":"Noro, Solomon Islands","role":"landing"},"type":"Feature"},{"geometry":{"coordinates":[156.3959,-6.709],"type":"Point"},"properties":{"country":"Solomon Islands","name":"Taro, Solomon Islands","role":"landing"},"type":"Feature"},{"geometry":{"coordinates":[-56.1806,46.7758],"type":"Point"},"properties":{"country":"Saint Pierre and Miquelon","name":"Saint-Pierre, Saint Pierre and Miquelon","role":"landing"},"type":"Feature"},{"geometry":{"coordinates":[-56.3499,47.0837],"type":"Point"},"properties":{"country":"Saint Pierre and Miquelon","name":"Miquelon-Langlade, Saint Pierre and Miquelon","role":"landing"},"type":"Feature"},{"geometry":{"coordinates":[-55.8273,47.072],"type":"Point"},"properties":{"country":"Canada","name":"Fortune, NL, Canada","role":"landing"},"type":"Feature"},{"geometry":{"coordinates":[-55.8033,46.869],"type":"Point"},"properties":{"country":"Canada","name":"Lamaline, NL, Canada","role":"landing"},"type":"Feature"},{"geometry":{"coordinates":[-71.4428,41.4414],"type":"Point"},"properties":{"country":"United States","name":"Narragansett, RI, United States","role":"landing"},"type":"Feature"},{"geometry":{"coordinates":[-71.5937,41.192],"type":"Point"},"properties":{"country":"United States","name":"Crescent Beach, RI, United States","role":"landing"},"type":"Feature"},{"geometry":{"coordinates":[15.9087,56.7438],"type":"Point"},"properties":{"country":"Sweden","name":"Nybro, Sweden","role":"landing"},"type":"Feature"},{"geometry":{"coordinates":[21.15,55.6957],"type":"Point"},"properties":{"country":"Lithuania","name":"Klaipeda, Lithuania","role":"landing"},"type":"Feature"},{"geometry":{"coordinates":[57.4951,-20.1221],"type":"Point"},"properties":{"country":"Mauritius","name":"Baie du Tombeau, Mauritius","role":"landing"},"type":"Feature"},{"geometry":{"coordinates":[55.3033,-20.9444],"type":"Point"},"properties":{"country":"Réunion","name":"Le Port, Réunion","role":"landing"},"type":"Feature"},{"geometry":{"coordinates":[46.9854,-25.0225],"type":"Point"},"properties":{"country":"Madagascar","name":"Fort Dauphin, Madagascar","role":"landing"},"type":"Feature"},{"geometry":{"coordinates":[-6.4289,36.7313],"type":"Point"},"properties":{"country":"Spain","name":"Chipiona, Spain","role":"landing"},"type":"Feature"},{"geometry":{"coordinates":[120.3896,16.5826],"type":"Point"},"properties":{"country":"Philippines","name":"La Union, Philippines","role":"landing"},"type":"Feature"},{"geometry":{"coordinates":[121.8961,30.9357],"type":"Point"},"properties":{"country":"China","name":"Lingang, China","role":"landing"},"type":"Feature"},{"geometry":{"coordinates":[-81.7006,12.5847],"type":"Point"},"properties":{"country":"Colombia","name":"San Andres, Colombia","role":"landing"},"type":"Feature"},{"geometry":{"coordinates":[-135.3139,59.4583],"type":"Point"},"properties":{"country":"United States","name":"Skagway, AK, United States","role":"landing"},"type":"Feature"},{"geometry":{"coordinates":[-135.445,59.2358],"type":"Point"},"properties":{"country":"United States","name":"Haines, AK, United States","role":"landing"},"type":"Feature"},{"geometry":{"coordinates":[-156.8969,20.7434],"type":"Point"},"properties":{"country":"United States","name":"Manele Bay, HI, United States","role":"landing"},"type":"Feature"},{"geometry":{"coordinates":[-158.1195,21.3397],"type":"Point"},"properties":{"country":"United States","name":"Ko Olina, HI, United States","role":"landing"},"type":"Feature"},{"geometry":{"coordinates":[-157.696,21.2776],"type":"Point"},"properties":{"country":"United States","name":"Koko Head, HI, United States","role":"landing"},"type":"Feature"},{"geometry":{"coordinates":[-156.4631,20.7822],"type":"Point"},"properties":{"country":"United States","name":"Kihei, HI, United States","role":"landing"},"type":"Feature"},{"geometry":{"coordinates":[-159.3686,21.9749],"type":"Point"},"properties":{"country":"United States","name":"Lihue, HI, United States","role":"landing"},"type":"Feature"},{"geometry":{"coordinates":[-3.355,59.0515],"type":"Point"},"properties":{"country":"United Kingdom","name":"Skaill, United Kingdom","role":"landing"},"type":"Feature"},{"geometry":{"coordinates":[-3.3766,58.6703],"type":"Point"},"properties":{"country":"United Kingdom","name":"Dunnet Head, United Kingdom","role":"landing"},"type":"Feature"},{"geometry":{"coordinates":[-5.7187,54.7537],"type":"Point"},"properties":{"country":"United Kingdom","name":"Whitehead, United Kingdom","role":"landing"},"type":"Feature"},{"geometry":{"coordinates":[-4.6599,55.5413],"type":"Point"},"properties":{"country":"United Kingdom","name":"Troon, United Kingdom","role":"landing"},"type":"Feature"},{"geometry":{"coordinates":[-6.363,36.6263],"type":"Point"},"properties":{"country":"Spain","name":"Rota, Spain","role":"landing"},"type":"Feature"},{"geometry":{"coordinates":[-15.4877,28.1344],"type":"Point"},"properties":{"country":"Spain","name":"Tinocas, Canary Islands, Spain","role":"landing"},"type":"Feature"},{"geometry":{"coordinates":[-16.4126,28.3106],"type":"Point"},"properties":{"country":"Spain","name":"Güimar, Canary Islands, Spain","role":"landing"},"type":"Feature"},{"geometry":{"coordinates":[106.5475,-3.0799],"type":"Point"},"properties":{"country":"Indonesia","name":"Batu Prahu, Indonesia","role":"landing"},"type":"Feature"},{"geometry":{"coordinates":[-6.1254,55.6361],"type":"Point"},"properties":{"country":"United Kingdom","name":"Lagavulin, United Kingdom","role":"landing"},"type":"Feature"},{"geometry":{"coordinates":[-166.8081,68.3478],"type":"Point"},"properties":{"country":"United States","name":"Point Hope, AK, United States","role":"landing"},"type":"Feature"},{"geometry":{"coordinates":[-160.0383,70.637],"type":"Point"},"properties":{"country":"United States","name":"Wainwright, AK, United States","role":"landing"},"type":"Feature"},{"geometry":{"coordinates":[-162.5967,66.8983],"type":"Point"},"properties":{"country":"United States","name":"Kotzebue, AK, United States","role":"landing"},"type":"Feature"},{"geometry":{"coordinates":[-165.4064,64.5011],"type":"Point"},"properties":{"country":"United States","name":"Nome, AK, United States","role":"landing"},"type":"Feature"},{"geometry":{"coordinates":[-148.4568,70.294],"type":"Point"},"properties":{"country":"United States","name":"Prudhoe Bay, AK, United States","role":"landing"},"type":"Feature"},{"geometry":{"coordinates":[125.0656,1.3786],"type":"Point"},"properties":{"country":"Indonesia","name":"Kauditan, Indonesia","role":"landing"},"type":"Feature"},{"geometry":{"coordinates":[-16.3717,28.3555],"type":"Point"},"properties":{"country":"Spain","name":"Candelaria, Canary Islands, Spain","role":"landing"},"type":"Feature"},{"geometry":{"coordinates":[-68.6058,-52.6589],"type":"Point"},"properties":{"country":"Argentina","name":"Cabo Espiritu Santo, Argentina","role":"landing"},"type":"Feature"},{"geometry":{"coordinates":[-68.4198,-52.3902],"type":"Point"},"properties":{"country":"Argentina","name":"Punta Dungeness, Argentina","role":"landing"},"type":"Feature"},{"geometry":{"coordinates":[115.7467,-8.3863],"type":"Point"},"properties":{"country":"Indonesia","name":"Seraya, Indonesia","role":"landing"},"type":"Feature"},{"geometry":{"coordinates":[-15.4507,28.0964],"type":"Point"},"properties":{"country":"Spain","name":"Tarahales, Spain","role":"landing"},"type":"Feature"},{"geometry":{"coordinates":[34.8949,29.4926],"type":"Point"},"properties":{"country":"Egypt","name":"Taba, Egypt","role":"landing"},"type":"Feature"},{"geometry":{"coordinates":[-46.4125,-24.0089],"type":"Point"},"properties":{"country":"Brazil","name":"Praia Grande, Brazil","role":"landing"},"type":"Feature"},{"geometry":{"coordinates":[49.1879,11.2756],"type":"Point"},"properties":{"country":"Somalia","name":"Bosaso, Somalia","role":"landing"},"type":"Feature"},{"geometry":{"coordinates":[39.6728,-4.0532],"type":"Point"},"properties":{"country":"Kenya","name":"Mombasa, Kenya","role":"landing"},"type":"Feature"},{"geometry":{"coordinates":[45.0109,10.4351],"type":"Point"},"properties":{"country":"Somalia","name":"Berbera, Somalia","role":"landing"},"type":"Feature"},{"geometry":{"coordinates":[54.1481,17.0958],"type":"Point"},"properties":{"country":"Oman","name":"Salalah, Oman","role":"landing"},"type":"Feature"},{"geometry":{"coordinates":[-8.7745,37.0734],"type":"Point"},"properties":{"country":"Portugal","name":"Burgau, Portugal","role":"landing"},"type":"Feature"},{"geometry":{"coordinates":[-5.6976,55.5655],"type":"Point"},"properties":{"country":"United Kingdom","name":"Glenbarr, United Kingdom","role":"landing"},"type":"Feature"},{"geometry":{"coordinates":[-5.9538,55.8337],"type":"Point"},"properties":{"country":"United Kingdom","name":"Craighouse, United Kingdom","role":"landing"},"type":"Feature"},{"geometry":{"coordinates":[-5.6146,55.8917],"type":"Point"},"properties":{"country":"United Kingdom","name":"Ormsary, United Kingdom","role":"landing"},"type":"Feature"},{"geometry":{"coordinates":[-6.094,56.6886],"type":"Point"},"properties":{"country":"United Kingdom","name":"Kilchoan Ferry, United Kingdom","role":"landing"},"type":"Feature"},{"geometry":{"coordinates":[-6.0703,56.6218],"type":"Point"},"properties":{"country":"United Kingdom","name":"Tobermory, United Kingdom","role":"landing"},"type":"Feature"},{"geometry":{"coordinates":[-5.6694,56.4558],"type":"Point"},"properties":{"country":"United Kingdom","name":"Duart Bay, United Kingdom","role":"landing"},"type":"Feature"},{"geometry":{"coordinates":[-5.4758,56.4378],"type":"Point"},"properties":{"country":"United Kingdom","name":"Ganavan Bay, United Kingdom","role":"landing"},"type":"Feature"},{"geometry":{"coordinates":[-5.2454,56.7225],"type":"Point"},"properties":{"country":"United Kingdom","name":"Corran, United Kingdom","role":"landing"},"type":"Feature"},{"geometry":{"coordinates":[-5.1962,57.9341],"type":"Point"},"properties":{"country":"United Kingdom","name":"Ardmair, United Kingdom","role":"landing"},"type":"Feature"},{"geometry":{"coordinates":[-6.3108,58.2091],"type":"Point"},"properties":{"country":"United Kingdom","name":"Branahuie Bay, United Kingdom","role":"landing"},"type":"Feature"},{"geometry":{"coordinates":[-7.0084,57.7694],"type":"Point"},"properties":{"country":"United Kingdom","name":"Leverburgh, United Kingdom","role":"landing"},"type":"Feature"},{"geometry":{"coordinates":[-7.1633,57.6037],"type":"Point"},"properties":{"country":"United Kingdom","name":"Lochmaddy, United Kingdom","role":"landing"},"type":"Feature"},{"geometry":{"coordinates":[-6.5817,57.4363],"type":"Point"},"properties":{"country":"United Kingdom","name":"Dunvegan, United Kingdom","role":"landing"},"type":"Feature"},{"geometry":{"coordinates":[-7.2741,57.3667],"type":"Point"},"properties":{"country":"United Kingdom","name":"Holmar, United Kingdom","role":"landing"},"type":"Feature"},{"geometry":{"coordinates":[-5.9065,57.0594],"type":"Point"},"properties":{"country":"United Kingdom","name":"Ardvasar, United Kingdom","role":"landing"},"type":"Feature"},{"geometry":{"coordinates":[-5.8204,57.0085],"type":"Point"},"properties":{"country":"United Kingdom","name":"Mallaig, United Kingdom","role":"landing"},"type":"Feature"},{"geometry":{"coordinates":[-6.8085,56.5038],"type":"Point"},"properties":{"country":"United Kingdom","name":"Scarinish, United Kingdom","role":"landing"},"type":"Feature"},{"geometry":{"coordinates":[-6.2724,56.5821],"type":"Point"},"properties":{"country":"United Kingdom","name":"Calgary, United Kingdom","role":"landing"},"type":"Feature"},{"geometry":{"coordinates":[-7.3281,57.1055],"type":"Point"},"properties":{"country":"United Kingdom","name":"Ludag, United Kingdom","role":"landing"},"type":"Feature"},{"geometry":{"coordinates":[-7.3122,57.0815],"type":"Point"},"properties":{"country":"United Kingdom","name":"Balla, United Kingdom","role":"landing"},"type":"Feature"},{"geometry":{"coordinates":[-7.4495,57.0253],"type":"Point"},"properties":{"country":"United Kingdom","name":"North Bay, United Kingdom","role":"landing"},"type":"Feature"},{"geometry":{"coordinates":[-2.9395,59.2798],"type":"Point"},"properties":{"country":"United Kingdom","name":"Bay of Tuquoy, United Kingdom","role":"landing"},"type":"Feature"},{"geometry":{"coordinates":[-3.0951,59.118],"type":"Point"},"properties":{"country":"United Kingdom","name":"Aikerness Bay, United Kingdom","role":"landing"},"type":"Feature"},{"geometry":{"coordinates":[-4.9439,55.7428],"type":"Point"},"properties":{"country":"United Kingdom","name":"Portachur Point, United Kingdom","role":"landing"},"type":"Feature"},{"geometry":{"coordinates":[104.7573,-2.991],"type":"Point"},"properties":{"country":"Indonesia","name":"Palembang, Indonesia","role":"landing"},"type":"Feature"},{"geometry":{"coordinates":[105.5827,-1.5539],"type":"Point"},"properties":{"country":"Indonesia","name":"Pesaren, Indonesia","role":"landing"},"type":"Feature"},{"geometry":{"coordinates":[-73.5045,-41.9911],"type":"Point"},"properties":{"country":"Chile","name":"Linao, Chile","role":"landing"},"type":"Feature"},{"geometry":{"coordinates":[-73.1553,-41.8069],"type":"Point"},"properties":{"country":"Chile","name":"Meimen, Chile","role":"landing"},"type":"Feature"},{"geometry":{"coordinates":[116.0743,5.9813],"type":"Point"},"properties":{"country":"Malaysia","name":"Kota Kinabalu, Malaysia","role":"landing"},"type":"Feature"},{"geometry":{"coordinates":[114.0074,4.4253],"type":"Point"},"properties":{"country":"Malaysia","name":"Miri, Malaysia","role":"landing"},"type":"Feature"},{"geometry":{"coordinates":[113.0684,3.197],"type":"Point"},"properties":{"country":"Malaysia","name":"Bintulu, Malaysia","role":"landing"},"type":"Feature"},{"geometry":{"coordinates":[110.3537,1.5202],"type":"Point"},"properties":{"country":"Malaysia","name":"Kuching, Malaysia","role":"landing"},"type":"Feature"},{"geometry":{"coordinates":[-4.8673,55.7933],"type":"Point"},"properties":{"country":"United Kingdom","name":"Largs, United Kingdom","role":"landing"},"type":"Feature"},{"geometry":{"coordinates":[-5.0281,55.7518],"type":"Point"},"properties":{"country":"United Kingdom","name":"Kilchatten Bay, United Kingdom","role":"landing"},"type":"Feature"},{"geometry":{"coordinates":[-5.3212,56.0083],"type":"Point"},"properties":{"country":"United Kingdom","name":"Otter Ferry, United Kingdom","role":"landing"},"type":"Feature"},{"geometry":{"coordinates":[-5.3658,56.0194],"type":"Point"},"properties":{"country":"United Kingdom","name":"Achnaba, United Kingdom","role":"landing"},"type":"Feature"},{"geometry":{"coordinates":[-5.3321,55.502],"type":"Point"},"properties":{"country":"United Kingdom","name":"Blackwaterfoot, United Kingdom","role":"landing"},"type":"Feature"},{"geometry":{"coordinates":[-5.5334,55.4765],"type":"Point"},"properties":{"country":"United Kingdom","name":"Ardnacross, United Kingdom","role":"landing"},"type":"Feature"},{"geometry":{"coordinates":[-4.9005,55.7802],"type":"Point"},"properties":{"country":"United Kingdom","name":"Down Craig, United Kingdom","role":"landing"},"type":"Feature"},{"geometry":{"coordinates":[-5.1414,55.6436],"type":"Point"},"properties":{"country":"United Kingdom","name":"Corrie, United Kingdom","role":"landing"},"type":"Feature"},{"geometry":{"coordinates":[-4.8894,55.693],"type":"Point"},"properties":{"country":"United Kingdom","name":"Ardneil Bay, United Kingdom","role":"landing"},"type":"Feature"},{"geometry":{"coordinates":[-6.1063,55.8477],"type":"Point"},"properties":{"country":"United Kingdom","name":"Port Askaig, United Kingdom","role":"landing"},"type":"Feature"},{"geometry":{"coordinates":[-6.0899,55.8467],"type":"Point"},"properties":{"country":"United Kingdom","name":"Feolin Ferry, United Kingdom","role":"landing"},"type":"Feature"},{"geometry":{"coordinates":[136.157,-1.7561],"type":"Point"},"properties":{"country":"Indonesia","name":"Yapen, Indonesia","role":"landing"},"type":"Feature"},{"geometry":{"coordinates":[135.6385,-0.7295],"type":"Point"},"properties":{"country":"Indonesia","name":"Supiori, Indonesia","role":"landing"},"type":"Feature"},{"geometry":{"coordinates":[134.062,-0.8615],"type":"Point"},"properties":{"country":"Indonesia","name":"Manokwari, Indonesia","role":"landing"},"type":"Feature"},{"geometry":{"coordinates":[133.4821,-2.2024],"type":"Point"},"properties":{"country":"Indonesia","name":"Teluk, Indonesia","role":"landing"},"type":"Feature"},{"geometry":{"coordinates":[119.4124,-5.1522],"type":"Point"},"properties":{"country":"Indonesia","name":"Makassar, Indonesia","role":"landing"},"type":"Feature"},{"geometry":{"coordinates":[116.8312,-1.2654],"type":"Point"},"properties":{"country":"Indonesia","name":"Balikpapan, Indonesia","role":"landing"},"type":"Feature"},{"geometry":{"coordinates":[117.5785,3.3273],"type":"Point"},"properties":{"country":"Indonesia","name":"Tarakan, Indonesia","role":"landing"},"type":"Feature"},{"geometry":{"coordinates":[113.2835,-6.9023],"type":"Point"},"properties":{"country":"Indonesia","name":"Madura, Indonesia","role":"landing"},"type":"Feature"},{"geometry":{"coordinates":[22.9682,59.8232],"type":"Point"},"properties":{"country":"Finland","name":"Hanko, Finland","role":"landing"},"type":"Feature"},{"geometry":{"coordinates":[-88.2945,17.9256],"type":"Point"},"properties":{"country":"Belize","name":"Bomba, Belize","role":"landing"},"type":"Feature"},{"geometry":{"coordinates":[-87.9783,17.911],"type":"Point"},"properties":{"country":"Belize","name":"San Pedro, Belize","role":"landing"},"type":"Feature"},{"geometry":{"coordinates":[115.1689,5.2553],"type":"Point"},"properties":{"country":"Malaysia","name":"Kiamsam, Malaysia","role":"landing"},"type":"Feature"},{"geometry":{"coordinates":[-39.8591,-18.7167],"type":"Point"},"properties":{"country":"Brazil","name":"São Mateus, Brazil","role":"landing"},"type":"Feature"},{"geometry":{"coordinates":[-39.0647,-16.4511],"type":"Point"},"properties":{"country":"Brazil","name":"Porto Seguro, Brazil","role":"landing"},"type":"Feature"},{"geometry":{"coordinates":[-39.0477,-14.788],"type":"Point"},"properties":{"country":"Brazil","name":"Ilhéus, Brazil","role":"landing"},"type":"Feature"},{"geometry":{"coordinates":[-38.5045,-12.97],"type":"Point"},"properties":{"country":"Brazil","name":"Salvador, Brazil","role":"landing"},"type":"Feature"},{"geometry":{"coordinates":[-37.0748,-10.9096],"type":"Point"},"properties":{"country":"Brazil","name":"Aracajú, Brazil","role":"landing"},"type":"Feature"},{"geometry":{"coordinates":[-35.735,-9.6665],"type":"Point"},"properties":{"country":"Brazil","name":"Maceió, Brazil","role":"landing"},"type":"Feature"},{"geometry":{"coordinates":[-34.872,-8.0553],"type":"Point"},"properties":{"country":"Brazil","name":"Recife, Brazil","role":"landing"},"type":"Feature"},{"geometry":{"coordinates":[-34.861,-7.1153],"type":"Point"},"properties":{"country":"Brazil","name":"João Pessoa, Brazil","role":"landing"},"type":"Feature"},{"geometry":{"coordinates":[-35.2112,-5.7948],"type":"Point"},"properties":{"country":"Brazil","name":"Natal, Brazil","role":"landing"},"type":"Feature"},{"geometry":{"coordinates":[130.8576,-0.3834],"type":"Point"},"properties":{"country":"Indonesia","name":"Waisai, Indonesia","role":"landing"},"type":"Feature"},{"geometry":{"coordinates":[106.8279,-6.1716],"type":"Point"},"properties":{"country":"Indonesia","name":"Jakarta, Indonesia","role":"landing"},"type":"Feature"},{"geometry":{"coordinates":[121.8799,-10.4578],"type":"Point"},"properties":{"country":"Indonesia","name":"Seba, Indonesia","role":"landing"},"type":"Feature"},{"geometry":{"coordinates":[123.0353,-10.7333],"type":"Point"},"properties":{"country":"Indonesia","name":"Baa, Indonesia","role":"landing"},"type":"Feature"},{"geometry":{"coordinates":[124.4038,-8.3207],"type":"Point"},"properties":{"country":"Indonesia","name":"Alor, Indonesia","role":"landing"},"type":"Feature"},{"geometry":{"coordinates":[124.4535,-8.1583],"type":"Point"},"properties":{"country":"Indonesia","name":"Kokar, Indonesia","role":"landing"},"type":"Feature"},{"geometry":{"coordinates":[127.7879,-8.1503],"type":"Point"},"properties":{"country":"Indonesia","name":"Tiakur, Indonesia","role":"landing"},"type":"Feature"},{"geometry":{"coordinates":[127.6915,-8.1581],"type":"Point"},"properties":{"country":"Indonesia","name":"Serwaru, Indonesia","role":"landing"},"type":"Feature"},{"geometry":{"coordinates":[131.213,-8.0522],"type":"Point"},"properties":{"country":"Indonesia","name":"Suemlaki, Indonesia","role":"landing"},"type":"Feature"},{"geometry":{"coordinates":[132.7521,-5.6266],"type":"Point"},"properties":{"country":"Indonesia","name":"Tual, Indonesia","role":"landing"},"type":"Feature"},{"geometry":{"coordinates":[134.5502,-6.1946],"type":"Point"},"properties":{"country":"Indonesia","name":"Kep. Aru, Indonesia","role":"landing"},"type":"Feature"},{"geometry":{"coordinates":[136.8896,-4.5503],"type":"Point"},"properties":{"country":"Indonesia","name":"Timika, Indonesia","role":"landing"},"type":"Feature"},{"geometry":{"coordinates":[138.1214,-5.5356],"type":"Point"},"properties":{"country":"Indonesia","name":"Agats, Indonesia","role":"landing"},"type":"Feature"},{"geometry":{"coordinates":[139.3965,-7.1025],"type":"Point"},"properties":{"country":"Indonesia","name":"Kota Mappi, Indonesia","role":"landing"},"type":"Feature"},{"geometry":{"coordinates":[135.5016,-3.3722],"type":"Point"},"properties":{"country":"Indonesia","name":"Nabire, Indonesia","role":"landing"},"type":"Feature"},{"geometry":{"coordinates":[133.0194,-3.0978],"type":"Point"},"properties":{"country":"Indonesia","name":"Fakfak, Indonesia","role":"landing"},"type":"Feature"},{"geometry":{"coordinates":[133.7915,-3.6794],"type":"Point"},"properties":{"country":"Indonesia","name":"Kaimana, Indonesia","role":"landing"},"type":"Feature"},{"geometry":{"coordinates":[140.4051,-8.4991],"type":"Point"},"properties":{"country":"Indonesia","name":"Merauke, Indonesia","role":"landing"},"type":"Feature"},{"geometry":{"coordinates":[124.575,0.7614],"type":"Point"},"properties":{"country":"Indonesia","name":"Tutuyan, Indonesia","role":"landing"},"type":"Feature"},{"geometry":{"coordinates":[117.8194,2.572],"type":"Point"},"properties":{"country":"Indonesia","name":"Tanjung Selor, Indonesia","role":"landing"},"type":"Feature"},{"geometry":{"coordinates":[112.7467,-7.2586],"type":"Point"},"properties":{"country":"Indonesia","name":"Surabaya, Indonesia","role":"landing"},"type":"Feature"},{"geometry":{"coordinates":[9.6117,56.5108],"type":"Point"},"properties":{"country":"Denmark","name":"Tjele, Denmark","role":"landing"},"type":"Feature"},{"geometry":{"coordinates":[145.6293,14.9588],"type":"Point"},"properties":{"country":"Northern Mariana Islands","name":"San Jose, Northern Mariana Islands","role":"landing"},"type":"Feature"},{"geometry":{"coordinates":[145.1343,14.1449],"type":"Point"},"properties":{"country":"Northern Mariana Islands","name":"Sasanlagu, Northern Mariana Islands","role":"landing"},"type":"Feature"},{"geometry":{"coordinates":[114.8858,4.9264],"type":"Point"},"properties":{"country":"Brunei","name":"Tungku, Brunei","role":"landing"},"type":"Feature"},{"geometry":{"coordinates":[-76.0592,36.755],"type":"Point"},"properties":{"country":"United States","name":"Virginia Beach, VA, United States","role":"landing"},"type":"Feature"},{"geometry":{"coordinates":[-9.3316,38.6902],"type":"Point"},"properties":{"country":"Portugal","name":"Carcavelos, Portugal","role":"landing"},"type":"Feature"},{"geometry":{"coordinates":[-156.7886,71.2906],"type":"Point"},"properties":{"country":"United States","name":"Utqiaġvik, AK, United States","role":"landing"},"type":"Feature"},{"geometry":{"coordinates":[-40.3017,-20.294],"type":"Point"},"properties":{"country":"Brazil","name":"Vitória, Brazil","role":"landing"},"type":"Feature"},{"geometry":{"coordinates":[-41.7856,-22.3718],"type":"Point"},"properties":{"country":"Brazil","name":"Macaé, Brazil","role":"landing"},"type":"Feature"},{"geometry":{"coordinates":[-37.5705,-11.8467],"type":"Point"},"properties":{"country":"Brazil","name":"Sitio, Brazil","role":"landing"},"type":"Feature"},{"geometry":{"coordinates":[-41.0272,-21.6312],"type":"Point"},"properties":{"country":"Brazil","name":"Atafona, Brazil","role":"landing"},"type":"Feature"},{"geometry":{"coordinates":[72.9977,0.5311],"type":"Point"},"properties":{"country":"Maldives","name":"Thinadhoo, Maldives","role":"landing"},"type":"Feature"},{"geometry":{"coordinates":[73.4246,2.7768],"type":"Point"},"properties":{"country":"Maldives","name":"Kolhufushi, Maldives","role":"landing"},"type":"Feature"},{"geometry":{"coordinates":[106.2111,3.2071],"type":"Point"},"properties":{"country":"Indonesia","name":"Terempa, Indonesia","role":"landing"},"type":"Feature"},{"geometry":{"coordinates":[108.2902,3.6668],"type":"Point"},"properties":{"country":"Indonesia","name":"Penarik, Indonesia","role":"landing"},"type":"Feature"},{"geometry":{"coordinates":[140.6691,-2.5916],"type":"Point"},"properties":{"country":"Indonesia","name":"Jayapura, Indonesia","role":"landing"},"type":"Feature"},{"geometry":{"coordinates":[139.3533,-2.1752],"type":"Point"},"properties":{"country":"Indonesia","name":"Sarmi, Indonesia","role":"landing"},"type":"Feature"},{"geometry":{"coordinates":[136.0533,-1.1635],"type":"Point"},"properties":{"country":"Indonesia","name":"Biak, Indonesia","role":"landing"},"type":"Feature"},{"geometry":{"coordinates":[131.2954,-0.8821],"type":"Point"},"properties":{"country":"Indonesia","name":"Sorong, Indonesia","role":"landing"},"type":"Feature"},{"geometry":{"coordinates":[127.4805,-0.6268],"type":"Point"},"properties":{"country":"Indonesia","name":"Labuha, Indonesia","role":"landing"},"type":"Feature"},{"geometry":{"coordinates":[127.0858,-3.2334],"type":"Point"},"properties":{"country":"Indonesia","name":"Namlea, Indonesia","role":"landing"},"type":"Feature"},{"geometry":{"coordinates":[128.1907,-3.6554],"type":"Point"},"properties":{"country":"Indonesia","name":"Ambon, Indonesia","role":"landing"},"type":"Feature"},{"geometry":{"coordinates":[128.9553,-3.2978],"type":"Point"},"properties":{"country":"Indonesia","name":"Masohi, Indonesia","role":"landing"},"type":"Feature"},{"geometry":{"coordinates":[129.8721,-4.5202],"type":"Point"},"properties":{"country":"Indonesia","name":"Bandaneria, Indonesia","role":"landing"},"type":"Feature"},{"geometry":{"coordinates":[128.9993,35.1701],"type":"Point"},"properties":{"country":"South Korea","name":"Busan, South Korea","role":"landing"},"type":"Feature"},{"geometry":{"coordinates":[57.8861,23.6787],"type":"Point"},"properties":{"country":"Oman","name":"Barka, Oman","role":"landing"},"type":"Feature"},{"geometry":{"coordinates":[7.4176,43.7326],"type":"Point"},"properties":{"country":"Monaco","name":"Monaco, Monaco","role":"landing"},"type":"Feature"},{"geometry":{"coordinates":[39.1828,21.4813],"type":"Point"},"properties":{"country":"Saudi Arabia","name":"Jeddah, Saudi Arabia","role":"landing"},"type":"Feature"},{"geometry":{"coordinates":[-5.3477,36.1559],"type":"Point"},"properties":{"country":"Gibraltar","name":"Gibraltar, Gibraltar","role":"landing"},"type":"Feature"},{"geometry":{"coordinates":[58.1761,23.6847],"type":"Point"},"properties":{"country":"Oman","name":"Al Seeb, Oman","role":"landing"},"type":"Feature"},{"geometry":{"coordinates":[104.0166,1.0668],"type":"Point"},"properties":{"country":"Indonesia","name":"Tanjung Pinggir, Indonesia","role":"landing"},"type":"Feature"},{"geometry":{"coordinates":[103.1477,1.6771],"type":"Point"},"properties":{"country":"Malaysia","name":"Rengit, Malaysia","role":"landing"},"type":"Feature"},{"geometry":{"coordinates":[14.4588,35.9341],"type":"Point"},"properties":{"country":"Malta","name":"Bahar ic-Caghaq, Malta","role":"landing"},"type":"Feature"},{"geometry":{"coordinates":[14.8539,36.7337],"type":"Point"},"properties":{"country":"Italy","name":"Pozzallo, Italy","role":"landing"},"type":"Feature"},{"geometry":{"coordinates":[-61.6508,10.6862],"type":"Point"},"properties":{"country":"Trinidad and Tobago","name":"Chaguaramas, Trinidad and Tobago","role":"landing"},"type":"Feature"},{"geometry":{"coordinates":[-56.3754,5.8866],"type":"Point"},"properties":{"country":"Suriname","name":"Totness, Suriname","role":"landing"},"type":"Feature"},{"geometry":{"coordinates":[109.1832,-0.0671],"type":"Point"},"properties":{"country":"Indonesia","name":"Sungai Kakap, Indonesia","role":"landing"},"type":"Feature"},{"geometry":{"coordinates":[-134.5823,57.5018],"type":"Point"},"properties":{"country":"United States","name":"Angoon, AK, United States","role":"landing"},"type":"Feature"},{"geometry":{"coordinates":[-135.3344,57.0529],"type":"Point"},"properties":{"country":"United States","name":"Sitka, AK, United States","role":"landing"},"type":"Feature"},{"geometry":{"coordinates":[14.4156,35.9505],"type":"Point"},"properties":{"country":"Malta","name":"St. Paul's Bay, Malta","role":"landing"},"type":"Feature"},{"geometry":{"coordinates":[-2.5237,57.6669],"type":"Point"},"properties":{"country":"United Kingdom","name":"Banff, United Kingdom","role":"landing"},"type":"Feature"},{"geometry":{"coordinates":[-6.7718,62.0175],"type":"Point"},"properties":{"country":"Faroe Islands","name":"Torshavn, Faroe Islands","role":"landing"},"type":"Feature"},{"geometry":{"coordinates":[-2.9001,58.8333],"type":"Point"},"properties":{"country":"United Kingdom","name":"Ayre of Cara, United Kingdom","role":"landing"},"type":"Feature"},{"geometry":{"coordinates":[-1.2387,59.996],"type":"Point"},"properties":{"country":"United Kingdom","name":"Sandwick, United Kingdom","role":"landing"},"type":"Feature"},{"geometry":{"coordinates":[-1.3238,60.004],"type":"Point"},"properties":{"country":"United Kingdom","name":"Maywick, United Kingdom","role":"landing"},"type":"Feature"},{"geometry":{"coordinates":[120.8201,14.2863],"type":"Point"},"properties":{"country":"Philippines","name":"Cavite, Philippines","role":"landing"},"type":"Feature"},{"geometry":{"coordinates":[121.3832,25.15],"type":"Point"},"properties":{"country":"Taiwan","name":"Pa Li, Taiwan","role":"landing"},"type":"Feature"},{"geometry":{"coordinates":[126.3916,36.5763],"type":"Point"},"properties":{"country":"South Korea","name":"Shindu-Ri, South Korea","role":"landing"},"type":"Feature"},{"geometry":{"coordinates":[114.2587,22.3183],"type":"Point"},"properties":{"country":"China","name":"Tseung Kwan O, China","role":"landing"},"type":"Feature"},{"geometry":{"coordinates":[120.3426,36.0871],"type":"Point"},"properties":{"country":"China","name":"Qingdao, China","role":"landing"},"type":"Feature"},{"geometry":{"coordinates":[139.9547,34.9767],"type":"Point"},"properties":{"country":"Japan","name":"Chikura, Japan","role":"landing"},"type":"Feature"},{"geometry":{"coordinates":[121.4626,25.1814],"type":"Point"},"properties":{"country":"Taiwan","name":"Tanshui, Taiwan","role":"landing"},"type":"Feature"},{"geometry":{"coordinates":[120.6621,22.2493],"type":"Point"},"properties":{"country":"Taiwan","name":"Fangshan, Taiwan","role":"landing"},"type":"Feature"},{"geometry":{"coordinates":[121.0649,13.7656],"type":"Point"},"properties":{"country":"Philippines","name":"Batangas, Philippines","role":"landing"},"type":"Feature"},{"geometry":{"coordinates":[114.203,22.222],"type":"Point"},"properties":{"country":"China","name":"Chung Hom Kok, China","role":"landing"},"type":"Feature"},{"geometry":{"coordinates":[103.987,1.389],"type":"Point"},"properties":{"country":"Singapore","name":"Changi South, Singapore","role":"landing"},"type":"Feature"},{"geometry":{"coordinates":[104.1331,1.1732],"type":"Point"},"properties":{"country":"Indonesia","name":"Tanjung Bemban, Indonesia","role":"landing"},"type":"Feature"},{"geometry":{"coordinates":[11.0899,36.8493],"type":"Point"},"properties":{"country":"Tunisia","name":"Kelibia, Tunisia","role":"landing"},"type":"Feature"},{"geometry":{"coordinates":[21.0824,56.0283],"type":"Point"},"properties":{"country":"Lithuania","name":"Sventoji, Lithuania","role":"landing"},"type":"Feature"},{"geometry":{"coordinates":[21.0113,56.5082],"type":"Point"},"properties":{"country":"Latvia","name":"Liepaja, Latvia","role":"landing"},"type":"Feature"},{"geometry":{"coordinates":[26.8836,60.501],"type":"Point"},"properties":{"country":"Finland","name":"Kotka, Finland","role":"landing"},"type":"Feature"},{"geometry":{"coordinates":[24.9325,60.1711],"type":"Point"},"properties":{"country":"Finland","name":"Helsinki, Finland","role":"landing"},"type":"Feature"},{"geometry":{"coordinates":[18.6883,59.2928],"type":"Point"},"properties":{"country":"Sweden","name":"Stavsnas, Sweden","role":"landing"},"type":"Feature"},{"geometry":{"coordinates":[19.9379,60.1138],"type":"Point"},"properties":{"country":"Finland","name":"Mariehamn, Finland","role":"landing"},"type":"Feature"},{"geometry":{"coordinates":[22.3021,60.301],"type":"Point"},"properties":{"country":"Finland","name":"Haradsholm, Finland","role":"landing"},"type":"Feature"},{"geometry":{"coordinates":[24.7524,59.4362],"type":"Point"},"properties":{"country":"Estonia","name":"Tallinn, Estonia","role":"landing"},"type":"Feature"},{"geometry":{"coordinates":[18.0629,59.3322],"type":"Point"},"properties":{"country":"Sweden","name":"Stockholm, Sweden","role":"landing"},"type":"Feature"},{"geometry":{"coordinates":[49.4003,-18.1462],"type":"Point"},"properties":{"country":"Madagascar","name":"Toamasina, Madagascar","role":"landing"},"type":"Feature"},{"geometry":{"coordinates":[55.5499,-20.8974],"type":"Point"},"properties":{"country":"Réunion","name":"Sainte Marie, Réunion","role":"landing"},"type":"Feature"},{"geometry":{"coordinates":[57.5101,-20.0778],"type":"Point"},"properties":{"country":"Mauritius","name":"Terre Rouge, Mauritius","role":"landing"},"type":"Feature"},{"geometry":{"coordinates":[-4.3387,47.8113],"type":"Point"},"properties":{"country":"France","name":"Penmarch, France","role":"landing"},"type":"Feature"},{"geometry":{"coordinates":[-15.9783,18.0839],"type":"Point"},"properties":{"country":"Mauritania","name":"Nouakchott, Mauritania","role":"landing"},"type":"Feature"},{"geometry":{"coordinates":[-16.5814,13.4559],"type":"Point"},"properties":{"country":"Gambia","name":"Banjul, Gambia","role":"landing"},"type":"Feature"},{"geometry":{"coordinates":[-61.7139,16.0289],"type":"Point"},"properties":{"country":"Guadeloupe","name":"Baillif, Guadeloupe","role":"landing"},"type":"Feature"},{"geometry":{"coordinates":[-59.6127,13.0788],"type":"Point"},"properties":{"country":"Barbados","name":"Needham’s Point, Barbados","role":"landing"},"type":"Feature"},{"geometry":{"coordinates":[-60.9886,14.0356],"type":"Point"},"properties":{"country":"Saint Lucia","name":"Rodney Bay, Saint Lucia","role":"landing"},"type":"Feature"},{"geometry":{"coordinates":[-61.2083,13.1454],"type":"Point"},"properties":{"country":"Saint Vincent and the Grenadines","name":"Kingstown, Saint Vincent and the Grenadines","role":"landing"},"type":"Feature"},{"geometry":{"coordinates":[-61.7906,12.0088],"type":"Point"},"properties":{"country":"Grenada","name":"Point Salines, Grenada","role":"landing"},"type":"Feature"},{"geometry":{"coordinates":[-61.8579,17.0515],"type":"Point"},"properties":{"country":"Antigua and Barbuda","name":"St. John’s, Antigua and Barbuda","role":"landing"},"type":"Feature"},{"geometry":{"coordinates":[-61.0943,14.6155],"type":"Point"},"properties":{"country":"Martinique","name":"Le Lamentin, Martinique","role":"landing"},"type":"Feature"},{"geometry":{"coordinates":[-61.3848,15.3033],"type":"Point"},"properties":{"country":"Dominica","name":"Canefield, Dominica","role":"landing"},"type":"Feature"},{"geometry":{"coordinates":[-9.1074,38.6423],"type":"Point"},"properties":{"country":"Portugal","name":"Seixal, Portugal","role":"landing"},"type":"Feature"},{"geometry":{"coordinates":[-0.2011,5.5583],"type":"Point"},"properties":{"country":"Ghana","name":"Accra, Ghana","role":"landing"},"type":"Feature"},{"geometry":{"coordinates":[159.0703,7.7865],"type":"Point"},"properties":{"country":"Micronesia","name":"Pohnpei, Micronesia","role":"landing"},"type":"Feature"},{"geometry":{"coordinates":[172.9791,1.3291],"type":"Point"},"properties":{"country":"Kiribati","name":"Tarawa, Kiribati","role":"landing"},"type":"Feature"},{"geometry":{"coordinates":[166.9211,0.5467],"type":"Point"},"properties":{"country":"Nauru","name":"Yaren, Nauru","role":"landing"},"type":"Feature"},{"geometry":{"coordinates":[163.0081,5.3279],"type":"Point"},"properties":{"country":"Micronesia","name":"Kosrae, Micronesia","role":"landing"},"type":"Feature"},{"geometry":{"coordinates":[167.4244,9.1898],"type":"Point"},"properties":{"country":"Marshall Islands","name":"Kwajalein, Marshall Islands","role":"landing"},"type":"Feature"},{"geometry":{"coordinates":[3.4232,6.4389],"type":"Point"},"properties":{"country":"Nigeria","name":"Lagos, Nigeria","role":"landing"},"type":"Feature"},{"geometry":{"coordinates":[-171.7667,-13.8337],"type":"Point"},"properties":{"country":"Samoa","name":"Apia, Samoa","role":"landing"},"type":"Feature"},{"geometry":{"coordinates":[-170.6957,-14.2765],"type":"Point"},"properties":{"country":"American Samoa","name":"Pago Pago, American Samoa","role":"landing"},"type":"Feature"},{"geometry":{"coordinates":[15.0674,37.5116],"type":"Point"},"properties":{"country":"Italy","name":"Catania, Italy","role":"landing"},"type":"Feature"},{"geometry":{"coordinates":[35.8591,34.4394],"type":"Point"},"properties":{"country":"Lebanon","name":"Tripoli, Lebanon","role":"landing"},"type":"Feature"},{"geometry":{"coordinates":[5.3726,43.2932],"type":"Point"},"properties":{"country":"France","name":"Marseille, France","role":"landing"},"type":"Feature"},{"geometry":{"coordinates":[60.6296,25.2982],"type":"Point"},"properties":{"country":"Iran","name":"Chabahar, Iran","role":"landing"},"type":"Feature"},{"geometry":{"coordinates":[56.2744,27.1872],"type":"Point"},"properties":{"country":"Iran","name":"Bandar Abbas, Iran","role":"landing"},"type":"Feature"},{"geometry":{"coordinates":[-146.3533,61.1304],"type":"Point"},"properties":{"country":"United States","name":"Valdez, AK, United States","role":"landing"},"type":"Feature"},{"geometry":{"coordinates":[-6.6762,55.1307],"type":"Point"},"properties":{"country":"United Kingdom","name":"Coleraine, United Kingdom","role":"landing"},"type":"Feature"},{"geometry":{"coordinates":[43.2434,-11.7007],"type":"Point"},"properties":{"country":"Comoros","name":"Moroni, Comoros","role":"landing"},"type":"Feature"},{"geometry":{"coordinates":[-79.7535,9.4373],"type":"Point"},"properties":{"country":"Panama","name":"Maria Chiquita, Panama","role":"landing"},"type":"Feature"},{"geometry":{"coordinates":[-6.1979,53.4101],"type":"Point"},"properties":{"country":"Ireland","name":"Clonshaugh, Ireland","role":"landing"},"type":"Feature"},{"geometry":{"coordinates":[145.7848,-5.2337],"type":"Point"},"properties":{"country":"Papua New Guinea","name":"Madang, Papua New Guinea","role":"landing"},"type":"Feature"},{"geometry":{"coordinates":[141.2999,-2.6897],"type":"Point"},"properties":{"country":"Papua New Guinea","name":"Vanimo, Papua New Guinea","role":"landing"},"type":"Feature"},{"geometry":{"coordinates":[143.6583,-3.58],"type":"Point"},"properties":{"country":"Papua New Guinea","name":"Wewak, Papua New Guinea","role":"landing"},"type":"Feature"},{"geometry":{"coordinates":[147.279,-2.035],"type":"Point"},"properties":{"country":"Papua New Guinea","name":"Lorengau, Papua New Guinea","role":"landing"},"type":"Feature"},{"geometry":{"coordinates":[150.8086,-2.5781],"type":"Point"},"properties":{"country":"Papua New Guinea","name":"Kavieng, Papua New Guinea","role":"landing"},"type":"Feature"},{"geometry":{"coordinates":[152.2746,-4.3423],"type":"Point"},"properties":{"country":"Papua New Guinea","name":"Kokopo, Papua New Guinea","role":"landing"},"type":"Feature"},{"geometry":{"coordinates":[150.1387,-5.5512],"type":"Point"},"properties":{"country":"Papua New Guinea","name":"Kimbe, Papua New Guinea","role":"landing"},"type":"Feature"},{"geometry":{"coordinates":[155.5678,-6.2256],"type":"Point"},"properties":{"country":"Papua New Guinea","name":"Arawa, Papua New Guinea","role":"landing"},"type":"Feature"},{"geometry":{"coordinates":[146.993,-6.7428],"type":"Point"},"properties":{"country":"Papua New Guinea","name":"Lae, Papua New Guinea","role":"landing"},"type":"Feature"},{"geometry":{"coordinates":[148.2935,-8.6045],"type":"Point"},"properties":{"country":"Papua New Guinea","name":"Popondetta, Papua New Guinea","role":"landing"},"type":"Feature"},{"geometry":{"coordinates":[150.4588,-10.3157],"type":"Point"},"properties":{"country":"Papua New Guinea","name":"Alotau, Papua New Guinea","role":"landing"},"type":"Feature"},{"geometry":{"coordinates":[145.7717,-7.9637],"type":"Point"},"properties":{"country":"Papua New Guinea","name":"Kerema, Papua New Guinea","role":"landing"},"type":"Feature"},{"geometry":{"coordinates":[143.21,-9.0782],"type":"Point"},"properties":{"country":"Papua New Guinea","name":"Daru, Papua New Guinea","role":"landing"},"type":"Feature"},{"geometry":{"coordinates":[31.7579,-28.9506],"type":"Point"},"properties":{"country":"South Africa","name":"Mtunzini, South Africa","role":"landing"},"type":"Feature"},{"geometry":{"coordinates":[32.5806,-25.9685],"type":"Point"},"properties":{"country":"Mozambique","name":"Maputo, Mozambique","role":"landing"},"type":"Feature"},{"geometry":{"coordinates":[39.2697,-6.8232],"type":"Point"},"properties":{"country":"Tanzania","name":"Dar Es Salaam, Tanzania","role":"landing"},"type":"Feature"},{"geometry":{"coordinates":[29.8898,31.1919],"type":"Point"},"properties":{"country":"Egypt","name":"Alexandria, Egypt","role":"landing"},"type":"Feature"},{"geometry":{"coordinates":[32.5301,29.9723],"type":"Point"},"properties":{"country":"Egypt","name":"Suez, Egypt","role":"landing"},"type":"Feature"},{"geometry":{"coordinates":[-4.3334,60.3331],"type":"Point"},"properties":{"country":"United Kingdom","name":"Glen Lyon, United Kingdom","role":"landing"},"type":"Feature"},{"geometry":{"coordinates":[32.6499,29.1167],"type":"Point"},"properties":{"country":"Egypt","name":"Zafarana, Egypt","role":"landing"},"type":"Feature"},{"geometry":{"coordinates":[29.7025,31.0718],"type":"Point"},"properties":{"country":"Egypt","name":"Abu Talat, Egypt","role":"landing"},"type":"Feature"},{"geometry":{"coordinates":[41.6676,42.1508],"type":"Point"},"properties":{"country":"Georgia","name":"Poti, Georgia","role":"landing"},"type":"Feature"},{"geometry":{"coordinates":[28.1674,43.4143],"type":"Point"},"properties":{"country":"Bulgaria","name":"Balchik, Bulgaria","role":"landing"},"type":"Feature"},{"geometry":{"coordinates":[-151.5443,59.6464],"type":"Point"},"properties":{"country":"United States","name":"Homer, AK, United States","role":"landing"},"type":"Feature"},{"geometry":{"coordinates":[-124.0998,43.9821],"type":"Point"},"properties":{"country":"United States","name":"Florence, OR, United States","role":"landing"},"type":"Feature"},{"geometry":{"coordinates":[-149.8584,61.2175],"type":"Point"},"properties":{"country":"United States","name":"Anchorage, AK, United States","role":"landing"},"type":"Feature"},{"geometry":{"coordinates":[-151.2917,60.6898],"type":"Point"},"properties":{"country":"United States","name":"Nikiski, AK, United States","role":"landing"},"type":"Feature"},{"geometry":{"coordinates":[-51.73,64.1811],"type":"Point"},"properties":{"country":"Greenland","name":"Nuuk, Greenland","role":"landing"},"type":"Feature"},{"geometry":{"coordinates":[-46.0354,60.7189],"type":"Point"},"properties":{"country":"Greenland","name":"Qaqortoq, Greenland","role":"landing"},"type":"Feature"},{"geometry":{"coordinates":[-20.1423,63.6422],"type":"Point"},"properties":{"country":"Iceland","name":"Landeyjar, Iceland","role":"landing"},"type":"Feature"},{"geometry":{"coordinates":[-132.3838,56.4708],"type":"Point"},"properties":{"country":"United States","name":"Wrangell, AK, United States","role":"landing"},"type":"Feature"},{"geometry":{"coordinates":[-132.97,56.8076],"type":"Point"},"properties":{"country":"United States","name":"Petersburg, AK, United States","role":"landing"},"type":"Feature"},{"geometry":{"coordinates":[-134.7418,58.1281],"type":"Point"},"properties":{"country":"United States","name":"Hawk Inlet, AK, United States","role":"landing"},"type":"Feature"},{"geometry":{"coordinates":[-73.6831,20.9505],"type":"Point"},"properties":{"country":"Bahamas","name":"Matthew Town, Bahamas","role":"landing"},"type":"Feature"},{"geometry":{"coordinates":[-72.3431,18.5427],"type":"Point"},"properties":{"country":"Haiti","name":"Port-au-Prince, Haiti","role":"landing"},"type":"Feature"},{"geometry":{"coordinates":[-118.388,33.8445],"type":"Point"},"properties":{"country":"United States","name":"Redondo Beach, CA, United States","role":"landing"},"type":"Feature"},{"geometry":{"coordinates":[79.872,6.9267],"type":"Point"},"properties":{"country":"Sri Lanka","name":"Colombo, Sri Lanka","role":"landing"},"type":"Feature"},{"geometry":{"coordinates":[48.5318,29.9233],"type":"Point"},"properties":{"country":"Iraq","name":"Al Faw, Iraq","role":"landing"},"type":"Feature"},{"geometry":{"coordinates":[-76.4461,18.1763],"type":"Point"},"properties":{"country":"Jamaica","name":"Port Antonio, Jamaica","role":"landing"},"type":"Feature"},{"geometry":{"coordinates":[-76.6667,17.9499],"type":"Point"},"properties":{"country":"Jamaica","name":"Bull Bay, Jamaica","role":"landing"},"type":"Feature"},{"geometry":{"coordinates":[-78.3483,18.2787],"type":"Point"},"properties":{"country":"Jamaica","name":"Negril, Jamaica","role":"landing"},"type":"Feature"},{"geometry":{"coordinates":[-77.9214,18.4694],"type":"Point"},"properties":{"country":"Jamaica","name":"Montego Bay, Jamaica","role":"landing"},"type":"Feature"},{"geometry":{"coordinates":[-77.8484,18.0237],"type":"Point"},"properties":{"country":"Jamaica","name":"Black River, Jamaica","role":"landing"},"type":"Feature"},{"geometry":{"coordinates":[-77.1032,18.3986],"type":"Point"},"properties":{"country":"Jamaica","name":"Ocho Rios, Jamaica","role":"landing"},"type":"Feature"},{"geometry":{"coordinates":[168.3228,-17.7303],"type":"Point"},"properties":{"country":"Vanuatu","name":"Port Vila, Vanuatu","role":"landing"},"type":"Feature"},{"geometry":{"coordinates":[-81.6557,30.3318],"type":"Point"},"properties":{"country":"United States","name":"Jacksonville, FL, United States","role":"landing"},"type":"Feature"},{"geometry":{"coordinates":[12.6833,56.6832],"type":"Point"},"properties":{"country":"Sweden","name":"Skalvik, Sweden","role":"landing"},"type":"Feature"},{"geometry":{"coordinates":[10.967,57.2723],"type":"Point"},"properties":{"country":"Denmark","name":"Vestero, Denmark","role":"landing"},"type":"Feature"},{"geometry":{"coordinates":[10.5146,57.2448],"type":"Point"},"properties":{"country":"Denmark","name":"Lyngsa, Denmark","role":"landing"},"type":"Feature"},{"geometry":{"coordinates":[-3.0276,53.2017],"type":"Point"},"properties":{"country":"United Kingdom","name":"Deeside Clwyd, United Kingdom","role":"landing"},"type":"Feature"},{"geometry":{"coordinates":[-68.8966,12.0953],"type":"Point"},"properties":{"country":"Curaçao","name":"Willemstad, Curaçao","role":"landing"},"type":"Feature"},{"geometry":{"coordinates":[-80.1602,26.0105],"type":"Point"},"properties":{"country":"United States","name":"Hollywood, FL, United States","role":"landing"},"type":"Feature"},{"geometry":{"coordinates":[-66.078,18.4599],"type":"Point"},"properties":{"country":"United States","name":"Condado Beach, PR, United States","role":"landing"},"type":"Feature"},{"geometry":{"coordinates":[-66.0169,18.442],"type":"Point"},"properties":{"country":"United States","name":"Isla Verde, PR, United States","role":"landing"},"type":"Feature"},{"geometry":{"coordinates":[-66.1858,18.473],"type":"Point"},"properties":{"country":"United States","name":"Punta Salinas, PR, United States","role":"landing"},"type":"Feature"},{"geometry":{"coordinates":[-64.8805,17.7534],"type":"Point"},"properties":{"country":"Virgin Islands (U.S.)","name":"Butler Bay, Virgin Islands (U.S.)","role":"landing"},"type":"Feature"},{"geometry":{"coordinates":[-64.8194,17.7719],"type":"Point"},"properties":{"country":"Virgin Islands (U.S.)","name":"St. Croix, Virgin Islands, Virgin Islands (U.S.)","role":"landing"},"type":"Feature"},{"geometry":{"coordinates":[-38.543,-3.7185],"type":"Point"},"properties":{"country":"Brazil","name":"Fortaleza, Brazil","role":"landing"},"type":"Feature"},{"geometry":{"coordinates":[-86.7676,21.0957],"type":"Point"},"properties":{"country":"Mexico","name":"Cancún, Mexico","role":"landing"},"type":"Feature"},{"geometry":{"coordinates":[1.7292,52.4714],"type":"Point"},"properties":{"country":"United Kingdom","name":"Lowestoft, United Kingdom","role":"landing"},"type":"Feature"},{"geometry":{"coordinates":[5.5244,59.2793],"type":"Point"},"properties":{"country":"Norway","name":"Kårstø, Norway","role":"landing"},"type":"Feature"},{"geometry":{"coordinates":[6.7869,58.0644],"type":"Point"},"properties":{"country":"Norway","name":"Lista, Norway","role":"landing"},"type":"Feature"},{"geometry":{"coordinates":[107.6629,-2.7674],"type":"Point"},"properties":{"country":"Indonesia","name":"Tanjung Pandan, Indonesia","role":"landing"},"type":"Feature"},{"geometry":{"coordinates":[-8.8696,37.9572],"type":"Point"},"properties":{"country":"Portugal","name":"Sines, Portugal","role":"landing"},"type":"Feature"},{"geometry":{"coordinates":[13.1873,32.8773],"type":"Point"},"properties":{"country":"Libya","name":"Tripoli, Libya","role":"landing"},"type":"Feature"},{"geometry":{"coordinates":[-61.1121,14.629],"type":"Point"},"properties":{"country":"Martinique","name":"Schoelcher, Martinique","role":"landing"},"type":"Feature"},{"geometry":{"coordinates":[-68.9569,12.1689],"type":"Point"},"properties":{"country":"Curaçao","name":"Mahuma, Curaçao","role":"landing"},"type":"Feature"},{"geometry":{"coordinates":[-75.5587,9.4967],"type":"Point"},"properties":{"country":"Colombia","name":"Tolu, Colombia","role":"landing"},"type":"Feature"},{"geometry":{"coordinates":[-87.9462,15.8452],"type":"Point"},"properties":{"country":"Honduras","name":"Puerto Cortes, Honduras","role":"landing"},"type":"Feature"},{"geometry":{"coordinates":[-81.1668,19.283],"type":"Point"},"properties":{"country":"Cayman Islands","name":"Half Moon Bay, Cayman Islands","role":"landing"},"type":"Feature"},{"geometry":{"coordinates":[-83.0377,9.9886],"type":"Point"},"properties":{"country":"Costa Rica","name":"Puerto Limon, Costa Rica","role":"landing"},"type":"Feature"},{"geometry":{"coordinates":[-62.7312,17.2986],"type":"Point"},"properties":{"country":"Saint Kitts and Nevis","name":"Basseterre, Saint Kitts and Nevis","role":"landing"},"type":"Feature"},{"geometry":{"coordinates":[-61.8469,17.1596],"type":"Point"},"properties":{"country":"Antigua and Barbuda","name":"Dickenson Bay, Antigua and Barbuda","role":"landing"},"type":"Feature"},{"geometry":{"coordinates":[13.235,-8.8127],"type":"Point"},"properties":{"country":"Angola","name":"Luanda, Angola","role":"landing"},"type":"Feature"},{"geometry":{"coordinates":[12.1898,-5.5565],"type":"Point"},"properties":{"country":"Angola","name":"Cabinda, Angola","role":"landing"},"type":"Feature"},{"geometry":{"coordinates":[12.3521,-6.141],"type":"Point"},"properties":{"country":"Angola","name":"Soyo, Angola","role":"landing"},"type":"Feature"},{"geometry":{"coordinates":[145.6996,15.1518],"type":"Point"},"properties":{"country":"Northern Mariana Islands","name":"Sugar Dock, Saipan, Northern Mariana Islands","role":"landing"},"type":"Feature"},{"geometry":{"coordinates":[130.4017,33.5904],"type":"Point"},"properties":{"country":"Japan","name":"Fukuoka, Japan","role":"landing"},"type":"Feature"},{"geometry":{"coordinates":[120.8898,22.3405],"type":"Point"},"properties":{"country":"Taiwan","name":"Dawu, Taiwan","role":"landing"},"type":"Feature"},{"geometry":{"coordinates":[72.8759,19.0761],"type":"Point"},"properties":{"country":"India","name":"Mumbai, India","role":"landing"},"type":"Feature"},{"geometry":{"coordinates":[153.0228,-27.4689],"type":"Point"},"properties":{"country":"Australia","name":"Brisbane, QLD, Australia","role":"landing"},"type":"Feature"},{"geometry":{"coordinates":[35.0051,29.581],"type":"Point"},"properties":{"country":"Jordan","name":"Aqaba, Jordan","role":"landing"},"type":"Feature"},{"geometry":{"coordinates":[34.9522,29.2839],"type":"Point"},"properties":{"country":"Saudi Arabia","name":"Haql, Saudi Arabia","role":"landing"},"type":"Feature"},{"geometry":{"coordinates":[24.7683,35.0714],"type":"Point"},"properties":{"country":"Greece","name":"Tympaki, Greece","role":"landing"},"type":"Feature"},{"geometry":{"coordinates":[118.189,24.4939],"type":"Point"},"properties":{"country":"China","name":"Guanyin Mountain, China","role":"landing"},"type":"Feature"},{"geometry":{"coordinates":[-64.7695,32.3122],"type":"Point"},"properties":{"country":"Bermuda","name":"St. David’s, Bermuda","role":"landing"},"type":"Feature"},{"geometry":{"coordinates":[-4.6304,53.306],"type":"Point"},"properties":{"country":"United Kingdom","name":"Holyhead, United Kingdom","role":"landing"},"type":"Feature"},{"geometry":{"coordinates":[47.9747,29.374],"type":"Point"},"properties":{"country":"Kuwait","name":"Kuwait City, Kuwait","role":"landing"},"type":"Feature"},{"geometry":{"coordinates":[50.8427,28.97],"type":"Point"},"properties":{"country":"Iran","name":"Bushehr, Iran","role":"landing"},"type":"Feature"},{"geometry":{"coordinates":[50.2142,26.2862],"type":"Point"},"properties":{"country":"Saudi Arabia","name":"Al Khobar, Saudi Arabia","role":"landing"},"type":"Feature"},{"geometry":{"coordinates":[116.6755,23.3546],"type":"Point"},"properties":{"country":"China","name":"Shantou, China","role":"landing"},"type":"Feature"},{"geometry":{"coordinates":[16.5532,68.735],"type":"Point"},"properties":{"country":"Norway","name":"Breivika, Norway","role":"landing"},"type":"Feature"},{"geometry":{"coordinates":[15.6488,78.2185],"type":"Point"},"properties":{"country":"Norway","name":"Longyearbyen, Svalbard, Norway","role":"landing"},"type":"Feature"},{"geometry":{"coordinates":[50.5758,26.229],"type":"Point"},"properties":{"country":"Bahrain","name":"Amwaj Island, Bahrain","role":"landing"},"type":"Feature"},{"geometry":{"coordinates":[-13.7038,9.5136],"type":"Point"},"properties":{"country":"Guinea","name":"Conakry, Guinea","role":"landing"},"type":"Feature"},{"geometry":{"coordinates":[-13.2381,8.4853],"type":"Point"},"properties":{"country":"Sierra Leone","name":"Freetown, Sierra Leone","role":"landing"},"type":"Feature"},{"geometry":{"coordinates":[-10.7972,6.3001],"type":"Point"},"properties":{"country":"Liberia","name":"Monrovia, Liberia","role":"landing"},"type":"Feature"},{"geometry":{"coordinates":[-4.0262,5.3235],"type":"Point"},"properties":{"country":"Côte d'Ivoire","name":"Abidjan, Côte d'Ivoire","role":"landing"},"type":"Feature"},{"geometry":{"coordinates":[2.4399,6.3566],"type":"Point"},"properties":{"country":"Benin","name":"Cotonou, Benin","role":"landing"},"type":"Feature"},{"geometry":{"coordinates":[9.4544,0.3943],"type":"Point"},"properties":{"country":"Gabon","name":"Libreville, Gabon","role":"landing"},"type":"Feature"},{"geometry":{"coordinates":[12.3499,-5.9334],"type":"Point"},"properties":{"country":"Dem. Rep.","name":"Muanda, Congo, Dem. Rep.","role":"landing"},"type":"Feature"},{"geometry":{"coordinates":[11.8636,-4.7791],"type":"Point"},"properties":{"country":"Rep.","name":"Pointe-Noire, Congo, Rep.","role":"landing"},"type":"Feature"},{"geometry":{"coordinates":[1.2278,6.126],"type":"Point"},"properties":{"country":"Togo","name":"Lome, Togo","role":"landing"},"type":"Feature"},{"geometry":{"coordinates":[-23.5212,14.923],"type":"Point"},"properties":{"country":"Cape Verde","name":"Praia, Cape Verde","role":"landing"},"type":"Feature"},{"geometry":{"coordinates":[-15.3987,27.9594],"type":"Point"},"properties":{"country":"Spain","name":"El Goro, Canary Islands, Spain","role":"landing"},"type":"Feature"},{"geometry":{"coordinates":[118.3071,24.4761],"type":"Point"},"properties":{"country":"Taiwan","name":"Guningtou, Taiwan","role":"landing"},"type":"Feature"},{"geometry":{"coordinates":[118.2897,24.4555],"type":"Point"},"properties":{"country":"Taiwan","name":"Lake Ci, Taiwan","role":"landing"},"type":"Feature"},{"geometry":{"coordinates":[9.7682,1.8601],"type":"Point"},"properties":{"country":"Equatorial Guinea","name":"Bata, Equatorial Guinea","role":"landing"},"type":"Feature"},{"geometry":{"coordinates":[118.301,24.5567],"type":"Point"},"properties":{"country":"China","name":"Dadeng Island, China","role":"landing"},"type":"Feature"},{"geometry":{"coordinates":[51.5194,25.2943],"type":"Point"},"properties":{"country":"Qatar","name":"Al-Kheesa, Qatar","role":"landing"},"type":"Feature"},{"geometry":{"coordinates":[55.3084,25.2693],"type":"Point"},"properties":{"country":"United Arab Emirates","name":"Dubai, United Arab Emirates","role":"landing"},"type":"Feature"},{"geometry":{"coordinates":[55.4451,-4.6176],"type":"Point"},"properties":{"country":"Seychelles","name":"Victoria, Seychelles","role":"landing"},"type":"Feature"},{"geometry":{"coordinates":[-3.0109,51.2937],"type":"Point"},"properties":{"country":"United Kingdom","name":"Brean, United Kingdom","role":"landing"},"type":"Feature"},{"geometry":{"coordinates":[34.7697,32.0446],"type":"Point"},"properties":{"country":"Israel","name":"Tel Aviv, Israel","role":"landing"},"type":"Feature"},{"geometry":{"coordinates":[16.8667,41.1255],"type":"Point"},"properties":{"country":"Italy","name":"Bari, Italy","role":"landing"},"type":"Feature"},{"geometry":{"coordinates":[50.6562,26.2416],"type":"Point"},"properties":{"country":"Bahrain","name":"Al Hidd, Bahrain","role":"landing"},"type":"Feature"},{"geometry":{"coordinates":[51.4519,25.5386],"type":"Point"},"properties":{"country":"Qatar","name":"Al Daayen, Qatar","role":"landing"},"type":"Feature"},{"geometry":{"coordinates":[102.2209,2.2732],"type":"Point"},"properties":{"country":"Malaysia","name":"Melaka, Malaysia","role":"landing"},"type":"Feature"},{"geometry":{"coordinates":[59.3667,22.7],"type":"Point"},"properties":{"country":"Oman","name":"Qalhat, Oman","role":"landing"},"type":"Feature"},{"geometry":{"coordinates":[114.5706,4.7037],"type":"Point"},"properties":{"country":"Brunei","name":"Telisai, Brunei","role":"landing"},"type":"Feature"},{"geometry":{"coordinates":[-149.4411,-17.5123],"type":"Point"},"properties":{"country":"French Polynesia","name":"Papenoo, French Polynesia","role":"landing"},"type":"Feature"},{"geometry":{"coordinates":[33.6036,34.8285],"type":"Point"},"properties":{"country":"Cyprus","name":"Pentaskhinos, Cyprus","role":"landing"},"type":"Feature"},{"geometry":{"coordinates":[119.6186,25.7801],"type":"Point"},"properties":{"country":"China","name":"Fuzhou, China","role":"landing"},"type":"Feature"},{"geometry":{"coordinates":[18.1555,-33.3482],"type":"Point"},"properties":{"country":"South Africa","name":"Yzerfontein, South Africa","role":"landing"},"type":"Feature"},{"geometry":{"coordinates":[14.5281,-22.6783],"type":"Point"},"properties":{"country":"Namibia","name":"Swakopmund, Namibia","role":"landing"},"type":"Feature"},{"geometry":{"coordinates":[9.2085,4.0145],"type":"Point"},"properties":{"country":"Cameroon","name":"Limbe, Cameroon","role":"landing"},"type":"Feature"},{"geometry":{"coordinates":[-0.642,35.7016],"type":"Point"},"properties":{"country":"Algeria","name":"Oran, Algeria","role":"landing"},"type":"Feature"},{"geometry":{"coordinates":[-0.377,39.4683],"type":"Point"},"properties":{"country":"Spain","name":"Valencia, Spain","role":"landing"},"type":"Feature"},{"geometry":{"coordinates":[9.9104,2.9329],"type":"Point"},"properties":{"country":"Cameroon","name":"Kribi, Cameroon","role":"landing"},"type":"Feature"},{"geometry":{"coordinates":[22.6392,32.7636],"type":"Point"},"properties":{"country":"Libya","name":"Derna, Libya","role":"landing"},"type":"Feature"},{"geometry":{"coordinates":[24.0122,35.5118],"type":"Point"},"properties":{"country":"Greece","name":"Chania, Greece","role":"landing"},"type":"Feature"},{"geometry":{"coordinates":[-76.7169,17.9497],"type":"Point"},"properties":{"country":"Jamaica","name":"Harbour View, Jamaica","role":"landing"},"type":"Feature"},{"geometry":{"coordinates":[-70.1618,18.699],"type":"Point"},"properties":{"country":"Dominican Republic","name":"Haina, Dominican Republic","role":"landing"},"type":"Feature"},{"geometry":{"coordinates":[-64.5972,18.4148],"type":"Point"},"properties":{"country":"Virgin Islands (U.K.)","name":"Nanny Cay, Virgin Islands (U.K.)","role":"landing"},"type":"Feature"},{"geometry":{"coordinates":[39.7,-4.0505],"type":"Point"},"properties":{"country":"Kenya","name":"Nyali, Kenya","role":"landing"},"type":"Feature"},{"geometry":{"coordinates":[45.1659,-12.8171],"type":"Point"},"properties":{"country":"Mayotte","name":"Kaweni, Mayotte","role":"landing"},"type":"Feature"},{"geometry":{"coordinates":[-122.3159,47.824],"type":"Point"},"properties":{"country":"United States","name":"Lynnwood, WA, United States","role":"landing"},"type":"Feature"},{"geometry":{"coordinates":[18.4458,-33.7272],"type":"Point"},"properties":{"country":"South Africa","name":"Melkbosstrand, South Africa","role":"landing"},"type":"Feature"},{"geometry":{"coordinates":[-74.7798,10.9405],"type":"Point"},"properties":{"country":"Colombia","name":"Barranquilla, Colombia","role":"landing"},"type":"Feature"},{"geometry":{"coordinates":[-118.2453,34.0534],"type":"Point"},"properties":{"country":"United States","name":"Los Angeles, CA, United States","role":"landing"},"type":"Feature"},{"geometry":{"coordinates":[137.3916,34.7691],"type":"Point"},"properties":{"country":"Japan","name":"Toyohashi, Japan","role":"landing"},"type":"Feature"},{"geometry":{"coordinates":[14.9922,55.0309],"type":"Point"},"properties":{"country":"Denmark","name":"Pedersker, Denmark","role":"landing"},"type":"Feature"},{"geometry":{"coordinates":[140.0611,35.0624],"type":"Point"},"properties":{"country":"Japan","name":"Emi, Japan","role":"landing"},"type":"Feature"},{"geometry":{"coordinates":[-6.5841,52.1746],"type":"Point"},"properties":{"country":"Ireland","name":"Kilmore Quay, Ireland","role":"landing"},"type":"Feature"},{"geometry":{"coordinates":[-4.1696,51.5578],"type":"Point"},"properties":{"country":"United Kingdom","name":"Oxwich Bay, United Kingdom","role":"landing"},"type":"Feature"},{"geometry":{"coordinates":[-80.1624,25.9329],"type":"Point"},"properties":{"country":"United States","name":"North Miami Beach, FL, United States","role":"landing"},"type":"Feature"},{"geometry":{"coordinates":[18.8453,57.431],"type":"Point"},"properties":{"country":"Sweden","name":"Katthammarsvik, Sweden","role":"landing"},"type":"Feature"},{"geometry":{"coordinates":[-77.453,25.0685],"type":"Point"},"properties":{"country":"Bahamas","name":"Caves Point, Bahamas","role":"landing"},"type":"Feature"},{"geometry":{"coordinates":[-76.7877,25.4078],"type":"Point"},"properties":{"country":"Bahamas","name":"Current, Bahamas","role":"landing"},"type":"Feature"},{"geometry":{"coordinates":[-77.3995,26.0252],"type":"Point"},"properties":{"country":"Bahamas","name":"Sandy Point, Bahamas","role":"landing"},"type":"Feature"},{"geometry":{"coordinates":[13.3723,-8.7767],"type":"Point"},"properties":{"country":"Angola","name":"Cacuaco, Angola","role":"landing"},"type":"Feature"},{"geometry":{"coordinates":[9.7063,4.0471],"type":"Point"},"properties":{"country":"Cameroon","name":"Douala, Cameroon","role":"landing"},"type":"Feature"},{"geometry":{"coordinates":[76.2696,9.9381],"type":"Point"},"properties":{"country":"India","name":"Kochi, India","role":"landing"},"type":"Feature"},{"geometry":{"coordinates":[57.4854,-20.474],"type":"Point"},"properties":{"country":"Mauritius","name":"Baie Jacotet, Mauritius","role":"landing"},"type":"Feature"},{"geometry":{"coordinates":[55.2791,-21.0002],"type":"Point"},"properties":{"country":"Réunion","name":"Saint Paul, Réunion","role":"landing"},"type":"Feature"},{"geometry":{"coordinates":[-79.9,9.3537],"type":"Point"},"properties":{"country":"Panama","name":"Colón, Panama","role":"landing"},"type":"Feature"},{"geometry":{"coordinates":[15.5749,54.1723],"type":"Point"},"properties":{"country":"Poland","name":"Kołobrzeg, Poland","role":"landing"},"type":"Feature"},{"geometry":{"coordinates":[13.8283,55.4313],"type":"Point"},"properties":{"country":"Sweden","name":"Ystad, Sweden","role":"landing"},"type":"Feature"},{"geometry":{"coordinates":[11.929,54.5763],"type":"Point"},"properties":{"country":"Denmark","name":"Gedser, Denmark","role":"landing"},"type":"Feature"},{"geometry":{"coordinates":[-6.2154,53.3314],"type":"Point"},"properties":{"country":"Ireland","name":"Sandymount, Ireland","role":"landing"},"type":"Feature"},{"geometry":{"coordinates":[-70.2044,11.7086],"type":"Point"},"properties":{"country":"Venezuela","name":"Punto Fijo, Venezuela","role":"landing"},"type":"Feature"},{"geometry":{"coordinates":[140.0168,35.0358],"type":"Point"},"properties":{"country":"Japan","name":"Wada, Japan","role":"landing"},"type":"Feature"},{"geometry":{"coordinates":[-66.9603,10.5994],"type":"Point"},"properties":{"country":"Venezuela","name":"Maiquetia, Venezuela","role":"landing"},"type":"Feature"},{"geometry":{"coordinates":[2.9014,36.8002],"type":"Point"},"properties":{"country":"Algeria","name":"El Djamila, Algeria","role":"landing"},"type":"Feature"},{"geometry":{"coordinates":[-6.9281,62.2441],"type":"Point"},"properties":{"country":"Faroe Islands","name":"Funningsfjordur, Faroe Islands","role":"landing"},"type":"Feature"},{"geometry":{"coordinates":[-14.018,65.2513],"type":"Point"},"properties":{"country":"Iceland","name":"Seydisfjordur, Iceland","role":"landing"},"type":"Feature"},{"geometry":{"coordinates":[-2.7681,48.5347],"type":"Point"},"properties":{"country":"France","name":"Plerin, France","role":"landing"},"type":"Feature"},{"geometry":{"coordinates":[24.0114,37.8882],"type":"Point"},"properties":{"country":"Greece","name":"Porto Rafti, Greece","role":"landing"},"type":"Feature"},{"geometry":{"coordinates":[24.936,37.4416],"type":"Point"},"properties":{"country":"Greece","name":"Syros, Greece","role":"landing"},"type":"Feature"},{"geometry":{"coordinates":[23.7363,37.9761],"type":"Point"},"properties":{"country":"Greece","name":"Athens, Greece","role":"landing"},"type":"Feature"},{"geometry":{"coordinates":[2.971,39.3545],"type":"Point"},"properties":{"country":"Spain","name":"Ses Covetes, Spain","role":"landing"},"type":"Feature"},{"geometry":{"coordinates":[131.032,33.8393],"type":"Point"},"properties":{"country":"Japan","name":"Kitakyushu, Japan","role":"landing"},"type":"Feature"},{"geometry":{"coordinates":[-3.3462,58.6153],"type":"Point"},"properties":{"country":"United Kingdom","name":"Dunnet Bay, United Kingdom","role":"landing"},"type":"Feature"},{"geometry":{"coordinates":[-122.3022,47.8862],"type":"Point"},"properties":{"country":"United States","name":"Harbour Pointe, WA, United States","role":"landing"},"type":"Feature"},{"geometry":{"coordinates":[37.2197,19.6156],"type":"Point"},"properties":{"country":"Sudan","name":"Port Sudan, Sudan","role":"landing"},"type":"Feature"},{"geometry":{"coordinates":[50.5211,29.5707],"type":"Point"},"properties":{"country":"Iran","name":"Ganaveh, Iran","role":"landing"},"type":"Feature"},{"geometry":{"coordinates":[-2.975,51.2222],"type":"Point"},"properties":{"country":"United Kingdom","name":"Highbridge, United Kingdom","role":"landing"},"type":"Feature"},{"geometry":{"coordinates":[-2.9462,43.2683],"type":"Point"},"properties":{"country":"Spain","name":"Bilbao, Spain","role":"landing"},"type":"Feature"},{"geometry":{"coordinates":[-16.5386,28.0467],"type":"Point"},"properties":{"country":"Spain","name":"El Médano, Canary Islands, Spain","role":"landing"},"type":"Feature"},{"geometry":{"coordinates":[-5.3918,35.5659],"type":"Point"},"properties":{"country":"Morocco","name":"Tétouan, Morocco","role":"landing"},"type":"Feature"},{"geometry":{"coordinates":[-87.4636,20.2126],"type":"Point"},"properties":{"country":"Mexico","name":"Tulum, Mexico","role":"landing"},"type":"Feature"},{"geometry":{"coordinates":[-78.7368,26.5169],"type":"Point"},"properties":{"country":"Bahamas","name":"Hawksbill, Bahamas","role":"landing"},"type":"Feature"},{"geometry":{"coordinates":[-88.1816,17.4955],"type":"Point"},"properties":{"country":"Belize","name":"Belize City, Belize","role":"landing"},"type":"Feature"},{"geometry":{"coordinates":[28.4999,59.7999],"type":"Point"},"properties":{"country":"Russia","name":"Logi, Russia","role":"landing"},"type":"Feature"},{"geometry":{"coordinates":[-75.5057,10.3867],"type":"Point"},"properties":{"country":"Colombia","name":"Cartagena, Colombia","role":"landing"},"type":"Feature"},{"geometry":{"coordinates":[-75.5259,24.4033],"type":"Point"},"properties":{"country":"Bahamas","name":"Cat Island, Bahamas","role":"landing"},"type":"Feature"},{"geometry":{"coordinates":[151.2287,-33.8821],"type":"Point"},"properties":{"country":"Australia","name":"Paddington, NSW, Australia","role":"landing"},"type":"Feature"},{"geometry":{"coordinates":[151.2451,-33.7374],"type":"Point"},"properties":{"country":"Australia","name":"Oxford Falls, NSW, Australia","role":"landing"},"type":"Feature"},{"geometry":{"coordinates":[144.8006,13.5136],"type":"Point"},"properties":{"country":"Guam","name":"Tumon Bay, Guam","role":"landing"},"type":"Feature"},{"geometry":{"coordinates":[80.2431,13.0635],"type":"Point"},"properties":{"country":"India","name":"Chennai, India","role":"landing"},"type":"Feature"},{"geometry":{"coordinates":[-90.8222,13.9346],"type":"Point"},"properties":{"country":"Guatemala","name":"Puerto San Jose, Guatemala","role":"landing"},"type":"Feature"},{"geometry":{"coordinates":[-80.3943,27.6384],"type":"Point"},"properties":{"country":"United States","name":"Vero Beach, FL, United States","role":"landing"},"type":"Feature"},{"geometry":{"coordinates":[-78.8029,26.5396],"type":"Point"},"properties":{"country":"Bahamas","name":"Eight-Mile Rock, Bahamas","role":"landing"},"type":"Feature"},{"geometry":{"coordinates":[-106.4219,23.1995],"type":"Point"},"properties":{"country":"Mexico","name":"Mazatlán, Mexico","role":"landing"},"type":"Feature"},{"geometry":{"coordinates":[-83.3939,14.0216],"type":"Point"},"properties":{"country":"Nicaragua","name":"Puerto Cabezas, Nicaragua","role":"landing"},"type":"Feature"},{"geometry":{"coordinates":[121.3952,31.6199],"type":"Point"},"properties":{"country":"China","name":"Chongming, China","role":"landing"},"type":"Feature"},{"geometry":{"coordinates":[-124.4082,43.1186],"type":"Point"},"properties":{"country":"United States","name":"Bandon, OR, United States","role":"landing"},"type":"Feature"},{"geometry":{"coordinates":[-69.6778,11.4028],"type":"Point"},"properties":{"country":"Venezuela","name":"Coro, Venezuela","role":"landing"},"type":"Feature"},{"geometry":{"coordinates":[-68.0096,10.4781],"type":"Point"},"properties":{"country":"Venezuela","name":"Puerto Cabello, Venezuela","role":"landing"},"type":"Feature"},{"geometry":{"coordinates":[-64.6449,10.2025],"type":"Point"},"properties":{"country":"Venezuela","name":"Puerto La Cruz, Venezuela","role":"landing"},"type":"Feature"},{"geometry":{"coordinates":[-64.1821,10.4543],"type":"Point"},"properties":{"country":"Venezuela","name":"Cumaná, Venezuela","role":"landing"},"type":"Feature"},{"geometry":{"coordinates":[-63.8476,10.9553],"type":"Point"},"properties":{"country":"Venezuela","name":"Porlamar, Venezuela","role":"landing"},"type":"Feature"},{"geometry":{"coordinates":[-63.2505,10.6668],"type":"Point"},"properties":{"country":"Venezuela","name":"Carúpano, Venezuela","role":"landing"},"type":"Feature"},{"geometry":{"coordinates":[-71.5984,10.6882],"type":"Point"},"properties":{"country":"Venezuela","name":"Maracaibo, Venezuela","role":"landing"},"type":"Feature"},{"geometry":{"coordinates":[-71.4511,10.396],"type":"Point"},"properties":{"country":"Venezuela","name":"Cabimas, Venezuela","role":"landing"},"type":"Feature"},{"geometry":{"coordinates":[-68.2845,10.9286],"type":"Point"},"properties":{"country":"Venezuela","name":"Chichiriviche, Venezuela","role":"landing"},"type":"Feature"},{"geometry":{"coordinates":[-66.0981,10.4803],"type":"Point"},"properties":{"country":"Venezuela","name":"Higuerote, Venezuela","role":"landing"},"type":"Feature"},{"geometry":{"coordinates":[-72.9378,40.7555],"type":"Point"},"properties":{"country":"United States","name":"Bellport, NY, United States","role":"landing"},"type":"Feature"},{"geometry":{"coordinates":[-67.03,10.6112],"type":"Point"},"properties":{"country":"Venezuela","name":"Puerto Viejo, Venezuela","role":"landing"},"type":"Feature"},{"geometry":{"coordinates":[-5.6751,50.0636],"type":"Point"},"properties":{"country":"United Kingdom","name":"Skewjack, United Kingdom","role":"landing"},"type":"Feature"},{"geometry":{"coordinates":[-134.7473,58.5509],"type":"Point"},"properties":{"country":"United States","name":"Lena Point, AK, United States","role":"landing"},"type":"Feature"},{"geometry":{"coordinates":[-148.6847,60.7729],"type":"Point"},"properties":{"country":"United States","name":"Whittier, AK, United States","role":"landing"},"type":"Feature"},{"geometry":{"coordinates":[22.738,59.0009],"type":"Point"},"properties":{"country":"Estonia","name":"Kärdla, Estonia","role":"landing"},"type":"Feature"},{"geometry":{"coordinates":[-15.7,27.9995],"type":"Point"},"properties":{"country":"Spain","name":"Alta Vista, Canary Islands, Spain","role":"landing"},"type":"Feature"},{"geometry":{"coordinates":[34.9719,32.7617],"type":"Point"},"properties":{"country":"Israel","name":"Tirat Carmel, Israel","role":"landing"},"type":"Feature"},{"geometry":{"coordinates":[28.9861,41.0406],"type":"Point"},"properties":{"country":"Turkey","name":"Istanbul, Turkey","role":"landing"},"type":"Feature"},{"geometry":{"coordinates":[39.7258,43.6155],"type":"Point"},"properties":{"country":"Russia","name":"Sochi, Russia","role":"landing"},"type":"Feature"},{"geometry":{"coordinates":[-134.4069,58.2995],"type":"Point"},"properties":{"country":"United States","name":"Juneau, AK, United States","role":"landing"},"type":"Feature"},{"geometry":{"coordinates":[51.5194,25.2943],"type":"Point"},"properties":{"country":"Qatar","name":"Doha, Qatar","role":"landing"},"type":"Feature"},{"geometry":{"coordinates":[50.5758,26.229],"type":"Point"},"properties":{"country":"Bahrain","name":"Manama, Bahrain","role":"landing"},"type":"Feature"},{"geometry":{"coordinates":[-3.4599,48.7303],"type":"Point"},"properties":{"country":"France","name":"Lannion, France","role":"landing"},"type":"Feature"},{"geometry":{"coordinates":[-72.8722,40.8003],"type":"Point"},"properties":{"country":"United States","name":"Shirley, NY, United States","role":"landing"},"type":"Feature"},{"geometry":{"coordinates":[-74.047,40.1233],"type":"Point"},"properties":{"country":"United States","name":"Manasquan, NJ, United States","role":"landing"},"type":"Feature"},{"geometry":{"coordinates":[113.9321,22.2274],"type":"Point"},"properties":{"country":"China","name":"Tong Fuk, China","role":"landing"},"type":"Feature"},{"geometry":{"coordinates":[141.3154,43.1712],"type":"Point"},"properties":{"country":"Japan","name":"Ishikari, Japan","role":"landing"},"type":"Feature"},{"geometry":{"coordinates":[141.8592,46.6844],"type":"Point"},"properties":{"country":"Russia","name":"Nevelsk, Russia","role":"landing"},"type":"Feature"},{"geometry":{"coordinates":[-151.2598,60.5529],"type":"Point"},"properties":{"country":"United States","name":"Kenai, AK, United States","role":"landing"},"type":"Feature"},{"geometry":{"coordinates":[147.8815,45.0867],"type":"Point"},"properties":{"country":"Russia","name":"Kurilsk, Russia","role":"landing"},"type":"Feature"},{"geometry":{"coordinates":[145.8586,44.0345],"type":"Point"},"properties":{"country":"Russia","name":"Yuzhno Kurilsk, Russia","role":"landing"},"type":"Feature"},{"geometry":{"coordinates":[146.7472,43.7936],"type":"Point"},"properties":{"country":"Russia","name":"Krabozavodskoye, Russia","role":"landing"},"type":"Feature"},{"geometry":{"coordinates":[-152.3953,57.7941],"type":"Point"},"properties":{"country":"United States","name":"Kodiak, AK, United States","role":"landing"},"type":"Feature"},{"geometry":{"coordinates":[-149.4431,60.1122],"type":"Point"},"properties":{"country":"United States","name":"Seward, AK, United States","role":"landing"},"type":"Feature"},{"geometry":{"coordinates":[-152.3292,57.4268],"type":"Point"},"properties":{"country":"United States","name":"Narrow Cape, AK, United States","role":"landing"},"type":"Feature"},{"geometry":{"coordinates":[131.9108,43.1546],"type":"Point"},"properties":{"country":"Russia","name":"Vladivostok, Russia","role":"landing"},"type":"Feature"},{"geometry":{"coordinates":[35.1142,69.184],"type":"Point"},"properties":{"country":"Russia","name":"Teriberka, Russia","role":"landing"},"type":"Feature"},{"geometry":{"coordinates":[61.6637,69.7512],"type":"Point"},"properties":{"country":"Russia","name":"Amderma, Russia","role":"landing"},"type":"Feature"},{"geometry":{"coordinates":[128.8645,71.6375],"type":"Point"},"properties":{"country":"Russia","name":"Tiksi, Russia","role":"landing"},"type":"Feature"},{"geometry":{"coordinates":[170.307,69.7029],"type":"Point"},"properties":{"country":"Russia","name":"Pevek, Russia","role":"landing"},"type":"Feature"},{"geometry":{"coordinates":[177.5021,64.7272],"type":"Point"},"properties":{"country":"Russia","name":"Anadyr, Russia","role":"landing"},"type":"Feature"},{"geometry":{"coordinates":[158.65,53.0167],"type":"Point"},"properties":{"country":"Russia","name":"Petropavlovsk-Kamchatsky, Russia","role":"landing"},"type":"Feature"},{"geometry":{"coordinates":[76.9702,8.7981],"type":"Point"},"properties":{"country":"India","name":"Trivandrum, India","role":"landing"},"type":"Feature"},{"geometry":{"coordinates":[-84.4543,9.5259],"type":"Point"},"properties":{"country":"Costa Rica","name":"Unqui, Costa Rica","role":"landing"},"type":"Feature"},{"geometry":{"coordinates":[166.4392,-22.3033],"type":"Point"},"properties":{"country":"New Caledonia","name":"Noumea, New Caledonia","role":"landing"},"type":"Feature"},{"geometry":{"coordinates":[-6.0358,35.4708],"type":"Point"},"properties":{"country":"Morocco","name":"Asilah, Morocco","role":"landing"},"type":"Feature"},{"geometry":{"coordinates":[73.4999,4.1663],"type":"Point"},"properties":{"country":"Maldives","name":"Male, Maldives","role":"landing"},"type":"Feature"},{"geometry":{"coordinates":[128.6212,34.8943],"type":"Point"},"properties":{"country":"South Korea","name":"Geoje, South Korea","role":"landing"},"type":"Feature"},{"geometry":{"coordinates":[-123.9401,45.6437],"type":"Point"},"properties":{"country":"United States","name":"Nedonna Beach, OR, United States","role":"landing"},"type":"Feature"},{"geometry":{"coordinates":[-75.7124,19.9636],"type":"Point"},"properties":{"country":"Cuba","name":"Siboney, Cuba","role":"landing"},"type":"Feature"},{"geometry":{"coordinates":[-66.8896,10.6032],"type":"Point"},"properties":{"country":"Venezuela","name":"La Guaira, Venezuela","role":"landing"},"type":"Feature"},{"geometry":{"coordinates":[-77.822,26.9125],"type":"Point"},"properties":{"country":"Bahamas","name":"Crown Haven, Bahamas","role":"landing"},"type":"Feature"},{"geometry":{"coordinates":[-78.1517,26.7031],"type":"Point"},"properties":{"country":"Bahamas","name":"Riding Point, Bahamas","role":"landing"},"type":"Feature"},{"geometry":{"coordinates":[-80.9144,-2.2729],"type":"Point"},"properties":{"country":"Ecuador","name":"Punta Carnero, Ecuador","role":"landing"},"type":"Feature"},{"geometry":{"coordinates":[-158.242,21.5488],"type":"Point"},"properties":{"country":"United States","name":"Keawaula, HI, United States","role":"landing"},"type":"Feature"},{"geometry":{"coordinates":[-81.0538,-4.154],"type":"Point"},"properties":{"country":"Peru","name":"Mancora, Peru","role":"landing"},"type":"Feature"},{"geometry":{"coordinates":[-25.6688,37.7392],"type":"Point"},"properties":{"country":"Portugal","name":"Ponta Delgada, Portugal","role":"landing"},"type":"Feature"},{"geometry":{"coordinates":[100.9306,13.1744],"type":"Point"},"properties":{"country":"Thailand","name":"Sriracha, Thailand","role":"landing"},"type":"Feature"},{"geometry":{"coordinates":[107.0792,10.3418],"type":"Point"},"properties":{"country":"Vietnam","name":"Vung Tau, Vietnam","role":"landing"},"type":"Feature"},{"geometry":{"coordinates":[113.9483,22.2715],"type":"Point"},"properties":{"country":"China","name":"Lantau Island, China","role":"landing"},"type":"Feature"},{"geometry":{"coordinates":[121.514,18.4094],"type":"Point"},"properties":{"country":"Philippines","name":"Ballesteros, Philippines","role":"landing"},"type":"Feature"},{"geometry":{"coordinates":[114.184,22.2494],"type":"Point"},"properties":{"country":"China","name":"Deep Water Bay, China","role":"landing"},"type":"Feature"},{"geometry":{"coordinates":[-76.1843,17.9184],"type":"Point"},"properties":{"country":"Jamaica","name":"Morant Point, Jamaica","role":"landing"},"type":"Feature"},{"geometry":{"coordinates":[142.7262,46.949],"type":"Point"},"properties":{"country":"Russia","name":"Yuzhno-Sakhalinsk, Russia","role":"landing"},"type":"Feature"},{"geometry":{"coordinates":[80.531,73.5077],"type":"Point"},"properties":{"country":"Russia","name":"Dikson, Russia","role":"landing"},"type":"Feature"},{"geometry":{"coordinates":[132.8913,42.8345],"type":"Point"},"properties":{"country":"Russia","name":"Nahodka, Russia","role":"landing"},"type":"Feature"},{"geometry":{"coordinates":[138.2361,37.1478],"type":"Point"},"properties":{"country":"Japan","name":"Joetsu, Japan","role":"landing"},"type":"Feature"},{"geometry":{"coordinates":[1.4393,51.3586],"type":"Point"},"properties":{"country":"United Kingdom","name":"Dumpton Gap, United Kingdom","role":"landing"},"type":"Feature"},{"geometry":{"coordinates":[2.9619,51.2464],"type":"Point"},"properties":{"country":"Belgium","name":"Bredene, Belgium","role":"landing"},"type":"Feature"},{"geometry":{"coordinates":[12.0762,57.4875],"type":"Point"},"properties":{"country":"Sweden","name":"Kungsbacka, Sweden","role":"landing"},"type":"Feature"},{"geometry":{"coordinates":[12.6959,56.0438],"type":"Point"},"properties":{"country":"Sweden","name":"Helsingborg, Sweden","role":"landing"},"type":"Feature"},{"geometry":{"coordinates":[10.5166,57.3308],"type":"Point"},"properties":{"country":"Denmark","name":"Saeby, Denmark","role":"landing"},"type":"Feature"},{"geometry":{"coordinates":[12.5922,56.0304],"type":"Point"},"properties":{"country":"Denmark","name":"Helsingør, Denmark","role":"landing"},"type":"Feature"},{"geometry":{"coordinates":[12.6702,55.5935],"type":"Point"},"properties":{"country":"Denmark","name":"Dragor, Denmark","role":"landing"},"type":"Feature"},{"geometry":{"coordinates":[12.9187,55.5568],"type":"Point"},"properties":{"country":"Sweden","name":"Bunkeflostand, Sweden","role":"landing"},"type":"Feature"},{"geometry":{"coordinates":[12.5456,55.722],"type":"Point"},"properties":{"country":"Denmark","name":"Tuborg, Denmark","role":"landing"},"type":"Feature"},{"geometry":{"coordinates":[12.9554,55.7704],"type":"Point"},"properties":{"country":"Sweden","name":"Barsebäck, Sweden","role":"landing"},"type":"Feature"},{"geometry":{"coordinates":[-6.5588,52.1841],"type":"Point"},"properties":{"country":"Ireland","name":"Ballygrangans, Ireland","role":"landing"},"type":"Feature"},{"geometry":{"coordinates":[-6.3649,52.4015],"type":"Point"},"properties":{"country":"Ireland","name":"Ballinesker, Ireland","role":"landing"},"type":"Feature"},{"geometry":{"coordinates":[-3.0508,53.8087],"type":"Point"},"properties":{"country":"United Kingdom","name":"Blackpool, United Kingdom","role":"landing"},"type":"Feature"},{"geometry":{"coordinates":[35.4852,33.8925],"type":"Point"},"properties":{"country":"Lebanon","name":"Beirut, Lebanon","role":"landing"},"type":"Feature"},{"geometry":{"coordinates":[35.3863,33.4502],"type":"Point"},"properties":{"country":"Lebanon","name":"Saida, Lebanon","role":"landing"},"type":"Feature"},{"geometry":{"coordinates":[35.8978,34.8917],"type":"Point"},"properties":{"country":"Syria","name":"Tartous, Syria","role":"landing"},"type":"Feature"},{"geometry":{"coordinates":[-79.8776,19.6903],"type":"Point"},"properties":{"country":"Cayman Islands","name":"Cayman Brac, Cayman Islands","role":"landing"},"type":"Feature"},{"geometry":{"coordinates":[4.5272,52.3704],"type":"Point"},"properties":{"country":"Netherlands","name":"Zandvoort, Netherlands","role":"landing"},"type":"Feature"},{"geometry":{"coordinates":[0.3667,50.819],"type":"Point"},"properties":{"country":"United Kingdom","name":"Pevensey Bay, United Kingdom","role":"landing"},"type":"Feature"},{"geometry":{"coordinates":[1.4934,50.1788],"type":"Point"},"properties":{"country":"France","name":"Cayeux-sur-Mer, France","role":"landing"},"type":"Feature"},{"geometry":{"coordinates":[1.4394,51.3589],"type":"Point"},"properties":{"country":"United Kingdom","name":"Broadstairs, United Kingdom","role":"landing"},"type":"Feature"},{"geometry":{"coordinates":[2.9127,51.2311],"type":"Point"},"properties":{"country":"Belgium","name":"Ostend, Belgium","role":"landing"},"type":"Feature"},{"geometry":{"coordinates":[11.2125,54.4961],"type":"Point"},"properties":{"country":"Germany","name":"Puttgarden, Germany","role":"landing"},"type":"Feature"},{"geometry":{"coordinates":[11.3587,54.6631],"type":"Point"},"properties":{"country":"Denmark","name":"Rodbyhavn, Denmark","role":"landing"},"type":"Feature"},{"geometry":{"coordinates":[14.38,35.9341],"type":"Point"},"properties":{"country":"Malta","name":"Balluta Bay, Malta","role":"landing"},"type":"Feature"},{"geometry":{"coordinates":[54.4189,24.4438],"type":"Point"},"properties":{"country":"United Arab Emirates","name":"Abu Dhabi, United Arab Emirates","role":"landing"},"type":"Feature"},{"geometry":{"coordinates":[-123.9239,46.1651],"type":"Point"},"properties":{"country":"United States","name":"Warrenton, OR, United States","role":"landing"},"type":"Feature"},{"geometry":{"coordinates":[43.6631,-23.3548],"type":"Point"},"properties":{"country":"Madagascar","name":"Toliara, Madagascar","role":"landing"},"type":"Feature"},{"geometry":{"coordinates":[-63.0737,18.031],"type":"Point"},"properties":{"country":"Sint Maarten","name":"Saint Maarten, Sint Maarten","role":"landing"},"type":"Feature"},{"geometry":{"coordinates":[52.4203,25.6686],"type":"Point"},"properties":{"country":"Qatar","name":"Halul Island, Qatar","role":"landing"},"type":"Feature"},{"geometry":{"coordinates":[52.866,25.1526],"type":"Point"},"properties":{"country":"United Arab Emirates","name":"Das Island, United Arab Emirates","role":"landing"},"type":"Feature"},{"geometry":{"coordinates":[57.7974,25.6812],"type":"Point"},"properties":{"country":"Iran","name":"Jask, Iran","role":"landing"},"type":"Feature"},{"geometry":{"coordinates":[47.9765,29.3699],"type":"Point"},"properties":{"country":"Kuwait","name":"Al Safat, Kuwait","role":"landing"},"type":"Feature"},{"geometry":{"coordinates":[56.2468,26.1813],"type":"Point"},"properties":{"country":"Oman","name":"Khasab, Oman","role":"landing"},"type":"Feature"},{"geometry":{"coordinates":[7.7554,36.9023],"type":"Point"},"properties":{"country":"Algeria","name":"Annaba, Algeria","role":"landing"},"type":"Feature"},{"geometry":{"coordinates":[3.0318,36.7653],"type":"Point"},"properties":{"country":"Algeria","name":"Algiers, Algeria","role":"landing"},"type":"Feature"},{"geometry":{"coordinates":[52.1824,16.2104],"type":"Point"},"properties":{"country":"Yemen","name":"Al Ghaydah, Yemen","role":"landing"},"type":"Feature"},{"geometry":{"coordinates":[42.9545,14.7978],"type":"Point"},"properties":{"country":"Yemen","name":"Al Hudaydah, Yemen","role":"landing"},"type":"Feature"},{"geometry":{"coordinates":[19.924,39.7538],"type":"Point"},"properties":{"country":"Greece","name":"Kokkini, Greece","role":"landing"},"type":"Feature"},{"geometry":{"coordinates":[13.3584,38.1215],"type":"Point"},"properties":{"country":"Italy","name":"Palermo, Italy","role":"landing"},"type":"Feature"},{"geometry":{"coordinates":[9.8674,37.2763],"type":"Point"},"properties":{"country":"Tunisia","name":"Bizerte, Tunisia","role":"landing"},"type":"Feature"},{"geometry":{"coordinates":[91.9949,21.4292],"type":"Point"},"properties":{"country":"Bangladesh","name":"Cox’s Bazar, Bangladesh","role":"landing"},"type":"Feature"},{"geometry":{"coordinates":[78.1451,8.8022],"type":"Point"},"properties":{"country":"India","name":"Tuticorine, India","role":"landing"},"type":"Feature"},{"geometry":{"coordinates":[21.57,57.3895],"type":"Point"},"properties":{"country":"Latvia","name":"Ventspils, Latvia","role":"landing"},"type":"Feature"},{"geometry":{"coordinates":[19.0553,57.863],"type":"Point"},"properties":{"country":"Sweden","name":"Farosund, Sweden","role":"landing"},"type":"Feature"},{"geometry":{"coordinates":[-62.8376,17.9057],"type":"Point"},"properties":{"country":"Saint Barthélemy","name":"Saint Jean Bay, Saint Barthélemy","role":"landing"},"type":"Feature"},{"geometry":{"coordinates":[138.1037,-35.6032],"type":"Point"},"properties":{"country":"Australia","name":"Cape Jervis, SA, Australia","role":"landing"},"type":"Feature"},{"geometry":{"coordinates":[137.6326,-35.6523],"type":"Point"},"properties":{"country":"Australia","name":"Kingscote, SA, Australia","role":"landing"},"type":"Feature"},{"geometry":{"coordinates":[51.2,43.65],"type":"Point"},"properties":{"country":"Kazakhstan","name":"Aktau, Kazakhstan","role":"landing"},"type":"Feature"},{"geometry":{"coordinates":[49.6686,40.5897],"type":"Point"},"properties":{"country":"Azerbaijan","name":"Sumgait, Azerbaijan","role":"landing"},"type":"Feature"},{"geometry":{"coordinates":[8.1069,53.5323],"type":"Point"},"properties":{"country":"Germany","name":"Wilhelmshaven, Germany","role":"landing"},"type":"Feature"},{"geometry":{"coordinates":[1.5748,52.2053],"type":"Point"},"properties":{"country":"United Kingdom","name":"Leiston, United Kingdom","role":"landing"},"type":"Feature"},{"geometry":{"coordinates":[-51.0657,0.0345],"type":"Point"},"properties":{"country":"Brazil","name":"Macapá, Brazil","role":"landing"},"type":"Feature"},{"geometry":{"coordinates":[-52.5778,-1.5284],"type":"Point"},"properties":{"country":"Brazil","name":"Almeirim, Brazil","role":"landing"},"type":"Feature"},{"geometry":{"coordinates":[-54.7009,-2.4506],"type":"Point"},"properties":{"country":"Brazil","name":"Santarém, Brazil","role":"landing"},"type":"Feature"},{"geometry":{"coordinates":[-54.0745,-2.0005],"type":"Point"},"properties":{"country":"Brazil","name":"Monte Alegre, Brazil","role":"landing"},"type":"Feature"},{"geometry":{"coordinates":[-54.736,-1.945],"type":"Point"},"properties":{"country":"Brazil","name":"Alenquer, Brazil","role":"landing"},"type":"Feature"},{"geometry":{"coordinates":[-60.0206,-3.1239],"type":"Point"},"properties":{"country":"Brazil","name":"Manaus, Brazil","role":"landing"},"type":"Feature"},{"geometry":{"coordinates":[-55.5162,-1.9132],"type":"Point"},"properties":{"country":"Brazil","name":"Óbidos, Brazil","role":"landing"},"type":"Feature"},{"geometry":{"coordinates":[-56.0952,-2.1615],"type":"Point"},"properties":{"country":"Brazil","name":"Juruti, Brazil","role":"landing"},"type":"Feature"},{"geometry":{"coordinates":[-55.1201,-1.8903],"type":"Point"},"properties":{"country":"Brazil","name":"Curuá, Brazil","role":"landing"},"type":"Feature"},{"geometry":{"coordinates":[127.2923,26.231],"type":"Point"},"properties":{"country":"Japan","name":"Ama, Japan","role":"landing"},"type":"Feature"},{"geometry":{"coordinates":[127.3635,26.1968],"type":"Point"},"properties":{"country":"Japan","name":"Tokashiki, Japan","role":"landing"},"type":"Feature"},{"geometry":{"coordinates":[127.6881,26.1149],"type":"Point"},"properties":{"country":"Japan","name":"Itoman, Japan","role":"landing"},"type":"Feature"},{"geometry":{"coordinates":[131.2426,25.843],"type":"Point"},"properties":{"country":"Japan","name":"Minamidaito, Japan","role":"landing"},"type":"Feature"},{"geometry":{"coordinates":[127.7286,26.1348],"type":"Point"},"properties":{"country":"Japan","name":"Yaese, Japan","role":"landing"},"type":"Feature"},{"geometry":{"coordinates":[131.305,25.9458],"type":"Point"},"properties":{"country":"Japan","name":"Kitadaito, Japan","role":"landing"},"type":"Feature"},{"geometry":{"coordinates":[9.1732,47.6779],"type":"Point"},"properties":{"country":"Germany","name":"Konstanz, Germany","role":"landing"},"type":"Feature"},{"geometry":{"coordinates":[9.2731,47.6969],"type":"Point"},"properties":{"country":"Germany","name":"Meersburg, Germany","role":"landing"},"type":"Feature"},{"geometry":{"coordinates":[9.48,47.6618],"type":"Point"},"properties":{"country":"Germany","name":"Friedrichshafen, Germany","role":"landing"},"type":"Feature"},{"geometry":{"coordinates":[141.5005,40.4767],"type":"Point"},"properties":{"country":"Japan","name":"Hachinohe, Japan","role":"landing"},"type":"Feature"},{"geometry":{"coordinates":[140.9814,42.3691],"type":"Point"},"properties":{"country":"Japan","name":"Muroran, Japan","role":"landing"},"type":"Feature"},{"geometry":{"coordinates":[8.9389,44.4103],"type":"Point"},"properties":{"country":"Italy","name":"Genoa, Italy","role":"landing"},"type":"Feature"},{"geometry":{"coordinates":[34.872,32.3439],"type":"Point"},"properties":{"country":"Israel","name":"Netanya, Israel","role":"landing"},"type":"Feature"},{"geometry":{"coordinates":[34.556,31.6695],"type":"Point"},"properties":{"country":"Israel","name":"Ashkelon, Israel","role":"landing"},"type":"Feature"},{"geometry":{"coordinates":[103.8531,1.2939],"type":"Point"},"properties":{"country":"Singapore","name":"Singapore, Singapore","role":"landing"},"type":"Feature"},{"geometry":{"coordinates":[144.7768,13.49],"type":"Point"},"properties":{"country":"Guam","name":"Alupang, Guam","role":"landing"},"type":"Feature"},{"geometry":{"coordinates":[125.5807,-8.5707],"type":"Point"},"properties":{"country":"Timor-Leste","name":"Dili, Timor-Leste","role":"landing"},"type":"Feature"},{"geometry":{"coordinates":[-56.7372,-2.6338],"type":"Point"},"properties":{"country":"Brazil","name":"Parintins, Brazil","role":"landing"},"type":"Feature"},{"geometry":{"coordinates":[-61.7876,-0.508],"type":"Point"},"properties":{"country":"Brazil","name":"Santa Maria do Boiaçu, Brazil","role":"landing"},"type":"Feature"},{"geometry":{"coordinates":[-61.1313,1.8239],"type":"Point"},"properties":{"country":"Brazil","name":"Caracaraí, Brazil","role":"landing"},"type":"Feature"},{"geometry":{"coordinates":[-61.6351,-1.4586],"type":"Point"},"properties":{"country":"Brazil","name":"Moura, Brazil","role":"landing"},"type":"Feature"},{"geometry":{"coordinates":[-69.5218,-4.0379],"type":"Point"},"properties":{"country":"Brazil","name":"Belém do Solimões, Brazil","role":"landing"},"type":"Feature"},{"geometry":{"coordinates":[-48.8698,-1.3921],"type":"Point"},"properties":{"country":"Brazil","name":"Ponta de Pedras, Brazil","role":"landing"},"type":"Feature"},{"geometry":{"coordinates":[-50.3883,-0.1571],"type":"Point"},"properties":{"country":"Brazil","name":"Afuá, Brazil","role":"landing"},"type":"Feature"},{"geometry":{"coordinates":[-60.9439,-2.6239],"type":"Point"},"properties":{"country":"Brazil","name":"Novo Airão, Brazil","role":"landing"},"type":"Feature"},{"geometry":{"coordinates":[-60.6354,-3.2891],"type":"Point"},"properties":{"country":"Brazil","name":"Manacapuru, Brazil","role":"landing"},"type":"Feature"},{"geometry":{"coordinates":[-60.1877,-3.2791],"type":"Point"},"properties":{"country":"Brazil","name":"Iranduba, Brazil","role":"landing"},"type":"Feature"},{"geometry":{"coordinates":[-63.1477,-4.0919],"type":"Point"},"properties":{"country":"Brazil","name":"Coari, Brazil","role":"landing"},"type":"Feature"},{"geometry":{"coordinates":[-64.719,-3.3522],"type":"Point"},"properties":{"country":"Brazil","name":"Tefé, Brazil","role":"landing"},"type":"Feature"},{"geometry":{"coordinates":[-62.9258,-0.9741],"type":"Point"},"properties":{"country":"Brazil","name":"Barcelos, Brazil","role":"landing"},"type":"Feature"},{"geometry":{"coordinates":[-65.0157,-0.415],"type":"Point"},"properties":{"country":"Brazil","name":"Santa Isabel do Rio Negro, Brazil","role":"landing"},"type":"Feature"},{"geometry":{"coordinates":[-67.088,-0.1194],"type":"Point"},"properties":{"country":"Brazil","name":"São Gabriel da Cachoeira, Brazil","role":"landing"},"type":"Feature"},{"geometry":{"coordinates":[9.9972,55.7086],"type":"Point"},"properties":{"country":"Denmark","name":"Juelsminde, Denmark","role":"landing"},"type":"Feature"},{"geometry":{"coordinates":[10.0914,55.5678],"type":"Point"},"properties":{"country":"Denmark","name":"Bogense, Denmark","role":"landing"},"type":"Feature"},{"geometry":{"coordinates":[16.4425,57.2652],"type":"Point"},"properties":{"country":"Sweden","name":"Oskarshamn, Sweden","role":"landing"},"type":"Feature"},{"geometry":{"coordinates":[18.3,57.6384],"type":"Point"},"properties":{"country":"Sweden","name":"Visby, Sweden","role":"landing"},"type":"Feature"},{"geometry":{"coordinates":[16.637,57.756],"type":"Point"},"properties":{"country":"Sweden","name":"Västervik, Sweden","role":"landing"},"type":"Feature"},{"geometry":{"coordinates":[-58.1547,-3.1292],"type":"Point"},"properties":{"country":"Brazil","name":"Urucurituba, Brazil","role":"landing"},"type":"Feature"},{"geometry":{"coordinates":[-58.4399,-3.1366],"type":"Point"},"properties":{"country":"Brazil","name":"Itacoatiara, Brazil","role":"landing"},"type":"Feature"},{"geometry":{"coordinates":[-55.8675,-1.7624],"type":"Point"},"properties":{"country":"Brazil","name":"Oriximiná, Brazil","role":"landing"},"type":"Feature"},{"geometry":{"coordinates":[-56.4893,-2.1021],"type":"Point"},"properties":{"country":"Brazil","name":"Terra Santa, Brazil","role":"landing"},"type":"Feature"},{"geometry":{"coordinates":[-59.1317,-3.5803],"type":"Point"},"properties":{"country":"Brazil","name":"Autazes, Brazil","role":"landing"},"type":"Feature"},{"geometry":{"coordinates":[-64.8121,-3.2146],"type":"Point"},"properties":{"country":"Brazil","name":"Alvarães, Brazil","role":"landing"},"type":"Feature"},{"geometry":{"coordinates":[-65.16,-2.9827],"type":"Point"},"properties":{"country":"Brazil","name":"Uarini, Brazil","role":"landing"},"type":"Feature"},{"geometry":{"coordinates":[-66.0953,-2.5152],"type":"Point"},"properties":{"country":"Brazil","name":"Fonte Boa, Brazil","role":"landing"},"type":"Feature"},{"geometry":{"coordinates":[-66.7716,-2.7506],"type":"Point"},"properties":{"country":"Brazil","name":"Jutaí, Brazil","role":"landing"},"type":"Feature"},{"geometry":{"coordinates":[-67.7754,-2.8617],"type":"Point"},"properties":{"country":"Brazil","name":"Tonantins, Brazil","role":"landing"},"type":"Feature"},{"geometry":{"coordinates":[-67.9453,-3.1024],"type":"Point"},"properties":{"country":"Brazil","name":"Santo Antônio do Içá, Brazil","role":"landing"},"type":"Feature"},{"geometry":{"coordinates":[-68.9525,-3.4655],"type":"Point"},"properties":{"country":"Brazil","name":"São Paulo de Olivença, Brazil","role":"landing"},"type":"Feature"},{"geometry":{"coordinates":[-69.9385,-4.2313],"type":"Point"},"properties":{"country":"Brazil","name":"Tabatinga, Brazil","role":"landing"},"type":"Feature"},{"geometry":{"coordinates":[-70.1932,-4.3664],"type":"Point"},"properties":{"country":"Brazil","name":"Atalaia do Norte, Brazil","role":"landing"},"type":"Feature"},{"geometry":{"coordinates":[-70.0288,-4.3799],"type":"Point"},"properties":{"country":"Brazil","name":"Benjamin Constant, Brazil","role":"landing"},"type":"Feature"},{"geometry":{"coordinates":[-68.1972,-3.3621],"type":"Point"},"properties":{"country":"Brazil","name":"Amaturá, Brazil","role":"landing"},"type":"Feature"},{"geometry":{"coordinates":[-48.5104,-1.4586],"type":"Point"},"properties":{"country":"Brazil","name":"Belém, Brazil","role":"landing"},"type":"Feature"},{"geometry":{"coordinates":[-49.5289,-1.7174],"type":"Point"},"properties":{"country":"Brazil","name":"São Sebastião da Boa Vista, Brazil","role":"landing"},"type":"Feature"},{"geometry":{"coordinates":[-49.798,-1.8122],"type":"Point"},"properties":{"country":"Brazil","name":"Curralinho, Brazil","role":"landing"},"type":"Feature"},{"geometry":{"coordinates":[-50.482,-1.6836],"type":"Point"},"properties":{"country":"Brazil","name":"Breves, Brazil","role":"landing"},"type":"Feature"},{"geometry":{"coordinates":[-50.2091,-1.8988],"type":"Point"},"properties":{"country":"Brazil","name":"Bagre, Brazil","role":"landing"},"type":"Feature"},{"geometry":{"coordinates":[-60.6758,2.8235],"type":"Point"},"properties":{"country":"Brazil","name":"Boa Vista, Brazil","role":"landing"},"type":"Feature"},{"geometry":{"coordinates":[130.2939,31.2803],"type":"Point"},"properties":{"country":"Japan","name":"Makurazaki, Japan","role":"landing"},"type":"Feature"},{"geometry":{"coordinates":[130.4266,30.8102],"type":"Point"},"properties":{"country":"Japan","name":"Takeshima, Japan","role":"landing"},"type":"Feature"},{"geometry":{"coordinates":[129.9344,30.8325],"type":"Point"},"properties":{"country":"Japan","name":"Kuroshima, Japan","role":"landing"},"type":"Feature"},{"geometry":{"coordinates":[9.8422,43.0483],"type":"Point"},"properties":{"country":"Italy","name":"Capraia Isola, Italy","role":"landing"},"type":"Feature"},{"geometry":{"coordinates":[10.3164,42.8121],"type":"Point"},"properties":{"country":"Italy","name":"Portoferraio, Italy","role":"landing"},"type":"Feature"},{"geometry":{"coordinates":[12.5136,38.0183],"type":"Point"},"properties":{"country":"Italy","name":"Trapani, Italy","role":"landing"},"type":"Feature"},{"geometry":{"coordinates":[12.341,37.9882],"type":"Point"},"properties":{"country":"Italy","name":"Levanzo, Italy","role":"landing"},"type":"Feature"},{"geometry":{"coordinates":[12.0736,37.9685],"type":"Point"},"properties":{"country":"Italy","name":"Marettimo, Italy","role":"landing"},"type":"Feature"},{"geometry":{"coordinates":[14.9543,38.4684],"type":"Point"},"properties":{"country":"Italy","name":"Lipari, Italy","role":"landing"},"type":"Feature"},{"geometry":{"coordinates":[15.0761,38.6425],"type":"Point"},"properties":{"country":"Italy","name":"Ditella, Italy","role":"landing"},"type":"Feature"},{"geometry":{"coordinates":[15.2335,38.8058],"type":"Point"},"properties":{"country":"Italy","name":"Stromboli, Italy","role":"landing"},"type":"Feature"},{"geometry":{"coordinates":[14.9684,38.147],"type":"Point"},"properties":{"country":"Italy","name":"Patti, Italy","role":"landing"},"type":"Feature"},{"geometry":{"coordinates":[14.8366,38.5783],"type":"Point"},"properties":{"country":"Italy","name":"Malfa, Italy","role":"landing"},"type":"Feature"},{"geometry":{"coordinates":[14.5767,38.5649],"type":"Point"},"properties":{"country":"Italy","name":"Filicudi Porto, Italy","role":"landing"},"type":"Feature"},{"geometry":{"coordinates":[14.3583,38.5359],"type":"Point"},"properties":{"country":"Italy","name":"Alicudi Porto, Italy","role":"landing"},"type":"Feature"},{"geometry":{"coordinates":[12.4349,37.8001],"type":"Point"},"properties":{"country":"Italy","name":"Marsala, Italy","role":"landing"},"type":"Feature"},{"geometry":{"coordinates":[11.9435,36.8309],"type":"Point"},"properties":{"country":"Italy","name":"Pantelleria, Italy","role":"landing"},"type":"Feature"},{"geometry":{"coordinates":[12.6076,35.5015],"type":"Point"},"properties":{"country":"Italy","name":"Lampedusa, Italy","role":"landing"},"type":"Feature"},{"geometry":{"coordinates":[12.8608,35.8584],"type":"Point"},"properties":{"country":"Italy","name":"Linosa, Italy","role":"landing"},"type":"Feature"},{"geometry":{"coordinates":[13.2476,38.1899],"type":"Point"},"properties":{"country":"Italy","name":"Isola delle Femmine, Italy","role":"landing"},"type":"Feature"},{"geometry":{"coordinates":[13.192,38.7099],"type":"Point"},"properties":{"country":"Italy","name":"Ustica, Italy","role":"landing"},"type":"Feature"},{"geometry":{"coordinates":[13.5654,41.2179],"type":"Point"},"properties":{"country":"Italy","name":"Gaeta, Italy","role":"landing"},"type":"Feature"},{"geometry":{"coordinates":[-125.3807,48.9942],"type":"Point"},"properties":{"country":"Canada","name":"Macoah, BC, Canada","role":"landing"},"type":"Feature"},{"geometry":{"coordinates":[-125.434,48.9598],"type":"Point"},"properties":{"country":"Canada","name":"Salmon Beach, BC, Canada","role":"landing"},"type":"Feature"},{"geometry":{"coordinates":[-125.5467,48.9418],"type":"Point"},"properties":{"country":"Canada","name":"Ucluelet, BC, Canada","role":"landing"},"type":"Feature"},{"geometry":{"coordinates":[-125.9062,49.1525],"type":"Point"},"properties":{"country":"Canada","name":"Tofino, BC, Canada","role":"landing"},"type":"Feature"},{"geometry":{"coordinates":[-125.9073,49.1735],"type":"Point"},"properties":{"country":"Canada","name":"Opitsat, BC, Canada","role":"landing"},"type":"Feature"},{"geometry":{"coordinates":[-126.0563,49.2763],"type":"Point"},"properties":{"country":"Canada","name":"Ahousat, BC, Canada","role":"landing"},"type":"Feature"},{"geometry":{"coordinates":[-126.2724,49.3684],"type":"Point"},"properties":{"country":"Canada","name":"Hot Springs Cove, BC, Canada","role":"landing"},"type":"Feature"},{"geometry":{"coordinates":[-126.6189,49.5919],"type":"Point"},"properties":{"country":"Canada","name":"Yuquot, BC, Canada","role":"landing"},"type":"Feature"},{"geometry":{"coordinates":[-126.0544,49.781],"type":"Point"},"properties":{"country":"Canada","name":"Gold River, BC, Canada","role":"landing"},"type":"Feature"},{"geometry":{"coordinates":[-126.6547,49.9263],"type":"Point"},"properties":{"country":"Canada","name":"Tahsis, BC, Canada","role":"landing"},"type":"Feature"},{"geometry":{"coordinates":[-126.7418,49.8749],"type":"Point"},"properties":{"country":"Canada","name":"Esperanza, BC, Canada","role":"landing"},"type":"Feature"},{"geometry":{"coordinates":[-126.8454,49.9824],"type":"Point"},"properties":{"country":"Canada","name":"Zeballos, BC, Canada","role":"landing"},"type":"Feature"},{"geometry":{"coordinates":[-126.9407,49.9893],"type":"Point"},"properties":{"country":"Canada","name":"Nuchatlaht, BC, Canada","role":"landing"},"type":"Feature"},{"geometry":{"coordinates":[-127.3785,50.0309],"type":"Point"},"properties":{"country":"Canada","name":"Kyuquot, BC, Canada","role":"landing"},"type":"Feature"},{"geometry":{"coordinates":[-126.985,49.885],"type":"Point"},"properties":{"country":"Canada","name":"Queens Cove, BC, Canada","role":"landing"},"type":"Feature"},{"geometry":{"coordinates":[177.3189,-18.1004],"type":"Point"},"properties":{"country":"Fiji","name":"Natadola, Fiji","role":"landing"},"type":"Feature"},{"geometry":{"coordinates":[144.9671,-37.8175],"type":"Point"},"properties":{"country":"Australia","name":"Melbourne, VIC, Australia","role":"landing"},"type":"Feature"},{"geometry":{"coordinates":[125.3873,24.7515],"type":"Point"},"properties":{"country":"Japan","name":"Gusukube, Japan","role":"landing"},"type":"Feature"},{"geometry":{"coordinates":[124.2451,24.3884],"type":"Point"},"properties":{"country":"Japan","name":"Shiraho, Japan","role":"landing"},"type":"Feature"},{"geometry":{"coordinates":[130.2983,30.793],"type":"Point"},"properties":{"country":"Japan","name":"Iojima, Japan","role":"landing"},"type":"Feature"},{"geometry":{"coordinates":[12.9587,40.8958],"type":"Point"},"properties":{"country":"Italy","name":"Ponza, Italy","role":"landing"},"type":"Feature"},{"geometry":{"coordinates":[174.7704,-36.8842],"type":"Point"},"properties":{"country":"New Zealand","name":"Auckland, New Zealand","role":"landing"},"type":"Feature"},{"geometry":{"coordinates":[-117.1617,32.7157],"type":"Point"},"properties":{"country":"United States","name":"San Diego, CA, United States","role":"landing"},"type":"Feature"},{"geometry":{"coordinates":[179.1988,-8.5202],"type":"Point"},"properties":{"country":"Tuvalu","name":"Funafuti, Tuvalu","role":"landing"},"type":"Feature"},{"geometry":{"coordinates":[-132.8295,56.0152],"type":"Point"},"properties":{"country":"United States","name":"Coffman Cove, AK, United States","role":"landing"},"type":"Feature"},{"geometry":{"coordinates":[-131.6478,55.3421],"type":"Point"},"properties":{"country":"United States","name":"Ketchikan, AK, United States","role":"landing"},"type":"Feature"},{"geometry":{"coordinates":[-133.0219,55.5138],"type":"Point"},"properties":{"country":"United States","name":"Hollis, AK, United States","role":"landing"},"type":"Feature"},{"geometry":{"coordinates":[141.6982,45.394],"type":"Point"},"properties":{"country":"Japan","name":"Wakkanai, Japan","role":"landing"},"type":"Feature"},{"geometry":{"coordinates":[141.0471,45.3005],"type":"Point"},"properties":{"country":"Japan","name":"Rebun, Japan","role":"landing"},"type":"Feature"},{"geometry":{"coordinates":[141.2195,45.245],"type":"Point"},"properties":{"country":"Japan","name":"Rishirifuji, Japan","role":"landing"},"type":"Feature"},{"geometry":{"coordinates":[124.7003,24.6687],"type":"Point"},"properties":{"country":"Japan","name":"Tarama, Japan","role":"landing"},"type":"Feature"},{"geometry":{"coordinates":[122.9908,24.4572],"type":"Point"},"properties":{"country":"Japan","name":"Yonaguni, Japan","role":"landing"},"type":"Feature"},{"geometry":{"coordinates":[123.7784,24.06],"type":"Point"},"properties":{"country":"Japan","name":"Hateruma, Japan","role":"landing"},"type":"Feature"},{"geometry":{"coordinates":[127.7438,26.402],"type":"Point"},"properties":{"country":"Japan","name":"Yomitan, Japan","role":"landing"},"type":"Feature"},{"geometry":{"coordinates":[127.229,26.5872],"type":"Point"},"properties":{"country":"Japan","name":"Aguni, Japan","role":"landing"},"type":"Feature"},{"geometry":{"coordinates":[126.7753,26.3531],"type":"Point"},"properties":{"country":"Japan","name":"Kumejima, Japan","role":"landing"},"type":"Feature"},{"geometry":{"coordinates":[13.4282,40.7954],"type":"Point"},"properties":{"country":"Italy","name":"Ventotene, Italy","role":"landing"},"type":"Feature"},{"geometry":{"coordinates":[13.4542,40.7899],"type":"Point"},"properties":{"country":"Italy","name":"Santo Stefano, Italy","role":"landing"},"type":"Feature"},{"geometry":{"coordinates":[8.3795,39.2066],"type":"Point"},"properties":{"country":"Italy","name":"Portoscuso, Italy","role":"landing"},"type":"Feature"},{"geometry":{"coordinates":[8.3027,39.1455],"type":"Point"},"properties":{"country":"Italy","name":"Carloforte, Italy","role":"landing"},"type":"Feature"},{"geometry":{"coordinates":[8.229,40.9481],"type":"Point"},"properties":{"country":"Italy","name":"Stintino, Italy","role":"landing"},"type":"Feature"},{"geometry":{"coordinates":[8.3361,41.0817],"type":"Point"},"properties":{"country":"Italy","name":"Cala d'Oliva, Italy","role":"landing"},"type":"Feature"},{"geometry":{"coordinates":[15.489,42.1154],"type":"Point"},"properties":{"country":"Italy","name":"San Domino, Italy","role":"landing"},"type":"Feature"},{"geometry":{"coordinates":[15.5089,42.123],"type":"Point"},"properties":{"country":"Italy","name":"San Nicola di Tremiti, Italy","role":"landing"},"type":"Feature"},{"geometry":{"coordinates":[15.5634,41.9187],"type":"Point"},"properties":{"country":"Italy","name":"Torre Mileto, Italy","role":"landing"},"type":"Feature"},{"geometry":{"coordinates":[14.9656,38.4241],"type":"Point"},"properties":{"country":"Italy","name":"Vulcano Bleu, Italy","role":"landing"},"type":"Feature"},{"geometry":{"coordinates":[14.9636,38.4884],"type":"Point"},"properties":{"country":"Italy","name":"Canneto, Italy","role":"landing"},"type":"Feature"},{"geometry":{"coordinates":[24.6558,60.2068],"type":"Point"},"properties":{"country":"Finland","name":"Espoo, Finland","role":"landing"},"type":"Feature"},{"geometry":{"coordinates":[-68.625,44.0515],"type":"Point"},"properties":{"country":"United States","name":"Isle au Haut, ME, United States","role":"landing"},"type":"Feature"},{"geometry":{"coordinates":[-68.6669,44.1563],"type":"Point"},"properties":{"country":"United States","name":"Stonington, ME, United States","role":"landing"},"type":"Feature"},{"geometry":{"coordinates":[29.6724,31.0476],"type":"Point"},"properties":{"country":"Egypt","name":"Sidi Kerir, Egypt","role":"landing"},"type":"Feature"},{"geometry":{"coordinates":[35.2232,28.051],"type":"Point"},"properties":{"country":"Saudi Arabia","name":"Neom, Saudi Arabia","role":"landing"},"type":"Feature"},{"geometry":{"coordinates":[8.9058,41.6742],"type":"Point"},"properties":{"country":"France","name":"Propriano, France","role":"landing"},"type":"Feature"},{"geometry":{"coordinates":[8.785,41.8327],"type":"Point"},"properties":{"country":"France","name":"Ruppione, France","role":"landing"},"type":"Feature"},{"geometry":{"coordinates":[13.9382,37.1025],"type":"Point"},"properties":{"country":"Italy","name":"Licata, Italy","role":"landing"},"type":"Feature"},{"geometry":{"coordinates":[6.3667,43.138],"type":"Point"},"properties":{"country":"France","name":"Le Lavandou, France","role":"landing"},"type":"Feature"},{"geometry":{"coordinates":[6.4404,43.0193],"type":"Point"},"properties":{"country":"France","name":"Héliopolis, France","role":"landing"},"type":"Feature"},{"geometry":{"coordinates":[6.3876,43.0071],"type":"Point"},"properties":{"country":"France","name":"Port-Cros, France","role":"landing"},"type":"Feature"},{"geometry":{"coordinates":[6.2037,42.9999],"type":"Point"},"properties":{"country":"France","name":"Porquerolles, France","role":"landing"},"type":"Feature"},{"geometry":{"coordinates":[6.1544,43.0301],"type":"Point"},"properties":{"country":"France","name":"La Tour Fondue, France","role":"landing"},"type":"Feature"},{"geometry":{"coordinates":[13.6487,54.5196],"type":"Point"},"properties":{"country":"Germany","name":"Sassnitz, Germany","role":"landing"},"type":"Feature"},{"geometry":{"coordinates":[14.8363,55.2482],"type":"Point"},"properties":{"country":"Denmark","name":"Tejn, Denmark","role":"landing"},"type":"Feature"},{"geometry":{"coordinates":[16.4681,56.2457],"type":"Point"},"properties":{"country":"Sweden","name":"Näsby, Sweden","role":"landing"},"type":"Feature"},{"geometry":{"coordinates":[17.0085,57.3248],"type":"Point"},"properties":{"country":"Sweden","name":"Byxelkrok, Sweden","role":"landing"},"type":"Feature"},{"geometry":{"coordinates":[14.7082,55.1826],"type":"Point"},"properties":{"country":"Denmark","name":"Hasle, Denmark","role":"landing"},"type":"Feature"},{"geometry":{"coordinates":[18.2503,58.9361],"type":"Point"},"properties":{"country":"Sweden","name":"Uto, Sweden","role":"landing"},"type":"Feature"},{"geometry":{"coordinates":[14.2158,55.4339],"type":"Point"},"properties":{"country":"Sweden","name":"Borbby Strandbad, Sweden","role":"landing"},"type":"Feature"},{"geometry":{"coordinates":[131.2946,32.0977],"type":"Point"},"properties":{"country":"Japan","name":"Miyazaki, Japan","role":"landing"},"type":"Feature"},{"geometry":{"coordinates":[140.1167,39.7167],"type":"Point"},"properties":{"country":"Japan","name":"Akita, Japan","role":"landing"},"type":"Feature"},{"geometry":{"coordinates":[58.6061,23.5761],"type":"Point"},"properties":{"country":"Oman","name":"Al Bustan, Oman","role":"landing"},"type":"Feature"},{"geometry":{"coordinates":[114.2603,22.2081],"type":"Point"},"properties":{"country":"China","name":"Cape D’Aguilar, China","role":"landing"},"type":"Feature"},{"geometry":{"coordinates":[11.1184,58.9683],"type":"Point"},"properties":{"country":"Sweden","name":"Capri Strand, Sweden","role":"landing"},"type":"Feature"},{"geometry":{"coordinates":[10.7008,59.4592],"type":"Point"},"properties":{"country":"Norway","name":"Moss, Norway","role":"landing"},"type":"Feature"},{"geometry":{"coordinates":[10.6308,59.6645],"type":"Point"},"properties":{"country":"Norway","name":"Drøbak, Norway","role":"landing"},"type":"Feature"},{"geometry":{"coordinates":[10.0164,59.0811],"type":"Point"},"properties":{"country":"Norway","name":"Larvik, Norway","role":"landing"},"type":"Feature"},{"geometry":{"coordinates":[8.7587,58.47],"type":"Point"},"properties":{"country":"Norway","name":"Arendal, Norway","role":"landing"},"type":"Feature"},{"geometry":{"coordinates":[5.9887,58.4241],"type":"Point"},"properties":{"country":"Norway","name":"Egersund, Norway","role":"landing"},"type":"Feature"},{"geometry":{"coordinates":[5.7308,58.9708],"type":"Point"},"properties":{"country":"Norway","name":"Stavanger, Norway","role":"landing"},"type":"Feature"},{"geometry":{"coordinates":[10.75,59.9123],"type":"Point"},"properties":{"country":"Norway","name":"Oslo, Norway","role":"landing"},"type":"Feature"},{"geometry":{"coordinates":[8.7547,42.5631],"type":"Point"},"properties":{"country":"France","name":"Calvi, France","role":"landing"},"type":"Feature"},{"geometry":{"coordinates":[9.3037,42.6818],"type":"Point"},"properties":{"country":"France","name":"St. Florent, France","role":"landing"},"type":"Feature"},{"geometry":{"coordinates":[9.1904,41.2399],"type":"Point"},"properties":{"country":"Italy","name":"Santa Teresa Gallura, Italy","role":"landing"},"type":"Feature"},{"geometry":{"coordinates":[9.169,41.3904],"type":"Point"},"properties":{"country":"France","name":"Bonifacio, France","role":"landing"},"type":"Feature"},{"geometry":{"coordinates":[9.4105,41.2194],"type":"Point"},"properties":{"country":"Italy","name":"La Maddalena, Italy","role":"landing"},"type":"Feature"},{"geometry":{"coordinates":[10.9151,42.3585],"type":"Point"},"properties":{"country":"Italy","name":"Giglio, Italy","role":"landing"},"type":"Feature"},{"geometry":{"coordinates":[8.5543,40.7268],"type":"Point"},"properties":{"country":"Italy","name":"Sassari, Italy","role":"landing"},"type":"Feature"},{"geometry":{"coordinates":[139.7968,33.1123],"type":"Point"},"properties":{"country":"Japan","name":"Hachijo, Japan","role":"landing"},"type":"Feature"},{"geometry":{"coordinates":[139.597,33.8835],"type":"Point"},"properties":{"country":"Japan","name":"Mikurashima, Japan","role":"landing"},"type":"Feature"},{"geometry":{"coordinates":[139.4954,34.0904],"type":"Point"},"properties":{"country":"Japan","name":"Miyake, Japan","role":"landing"},"type":"Feature"},{"geometry":{"coordinates":[139.1396,34.207],"type":"Point"},"properties":{"country":"Japan","name":"Kozushima, Japan","role":"landing"},"type":"Feature"},{"geometry":{"coordinates":[139.2155,34.3309],"type":"Point"},"properties":{"country":"Japan","name":"Shikinejima, Japan","role":"landing"},"type":"Feature"},{"geometry":{"coordinates":[139.3607,34.7507],"type":"Point"},"properties":{"country":"Japan","name":"Oshima, Japan","role":"landing"},"type":"Feature"},{"geometry":{"coordinates":[139.2584,34.3739],"type":"Point"},"properties":{"country":"Japan","name":"Niijima, Japan","role":"landing"},"type":"Feature"},{"geometry":{"coordinates":[139.2789,34.5298],"type":"Point"},"properties":{"country":"Japan","name":"Toshima, Japan","role":"landing"},"type":"Feature"},{"geometry":{"coordinates":[-155.0819,19.7192],"type":"Point"},"properties":{"country":"United States","name":"Hilo, HI, United States","role":"landing"},"type":"Feature"},{"geometry":{"coordinates":[-156.4671,20.8908],"type":"Point"},"properties":{"country":"United States","name":"Kahului, HI, United States","role":"landing"},"type":"Feature"},{"geometry":{"coordinates":[-158.0943,21.3138],"type":"Point"},"properties":{"country":"United States","name":"Barber’s Point, HI, United States","role":"landing"},"type":"Feature"},{"geometry":{"coordinates":[139.6208,35.1442],"type":"Point"},"properties":{"country":"Japan","name":"Miura, Japan","role":"landing"},"type":"Feature"},{"geometry":{"coordinates":[-7.6319,33.6054],"type":"Point"},"properties":{"country":"Morocco","name":"Casablanca, Morocco","role":"landing"},"type":"Feature"},{"geometry":{"coordinates":[-52.3135,4.9224],"type":"Point"},"properties":{"country":"French Guiana","name":"Cayenne, French Guiana","role":"landing"},"type":"Feature"},{"geometry":{"coordinates":[104.103,1.1965],"type":"Point"},"properties":{"country":"Indonesia","name":"Nongsa, Indonesia","role":"landing"},"type":"Feature"},{"geometry":{"coordinates":[112.6524,-7.1652],"type":"Point"},"properties":{"country":"Indonesia","name":"Gresik, Indonesia","role":"landing"},"type":"Feature"},{"geometry":{"coordinates":[139.4757,38.2219],"type":"Point"},"properties":{"country":"Japan","name":"Murakami, Japan","role":"landing"},"type":"Feature"},{"geometry":{"coordinates":[139.2528,38.4646],"type":"Point"},"properties":{"country":"Japan","name":"Awashimaura, Japan","role":"landing"},"type":"Feature"},{"geometry":{"coordinates":[168.3475,-46.4131],"type":"Point"},"properties":{"country":"New Zealand","name":"Invercargill, New Zealand","role":"landing"},"type":"Feature"},{"geometry":{"coordinates":[174.0833,-39.0667],"type":"Point"},"properties":{"country":"New Zealand","name":"New Plymouth, New Zealand","role":"landing"},"type":"Feature"},{"geometry":{"coordinates":[171.2,-42.4667],"type":"Point"},"properties":{"country":"New Zealand","name":"Greymouth, New Zealand","role":"landing"},"type":"Feature"},{"geometry":{"coordinates":[140.8667,38.2667],"type":"Point"},"properties":{"country":"Japan","name":"Sendai, Japan","role":"landing"},"type":"Feature"},{"geometry":{"coordinates":[140.2699,36.3422],"type":"Point"},"properties":{"country":"Japan","name":"Ibaraki, Japan","role":"landing"},"type":"Feature"},{"geometry":{"coordinates":[139.2554,35.2995],"type":"Point"},"properties":{"country":"Japan","name":"Ninomiya, Japan","role":"landing"},"type":"Feature"},{"geometry":{"coordinates":[142.2041,27.0665],"type":"Point"},"properties":{"country":"Japan","name":"Chichijima, Japan","role":"landing"},"type":"Feature"},{"geometry":{"coordinates":[142.1599,26.6509],"type":"Point"},"properties":{"country":"Japan","name":"Hahajima, Japan","role":"landing"},"type":"Feature"},{"geometry":{"coordinates":[139.1048,34.9632],"type":"Point"},"properties":{"country":"Japan","name":"Itō, Japan","role":"landing"},"type":"Feature"},{"geometry":{"coordinates":[139.7656,32.4572],"type":"Point"},"properties":{"country":"Japan","name":"Aogashima, Japan","role":"landing"},"type":"Feature"},{"geometry":{"coordinates":[-25.6768,37.7404],"type":"Point"},"properties":{"country":"Portugal","name":"São Miguel, Portugal","role":"landing"},"type":"Feature"},{"geometry":{"coordinates":[-158.5088,59.045],"type":"Point"},"properties":{"country":"United States","name":"Dillingham, AK, United States","role":"landing"},"type":"Feature"},{"geometry":{"coordinates":[-161.7107,58.9859],"type":"Point"},"properties":{"country":"United States","name":"Platinum, AK, United States","role":"landing"},"type":"Feature"},{"geometry":{"coordinates":[-162.0325,60.2197],"type":"Point"},"properties":{"country":"United States","name":"Eek, AK, United States","role":"landing"},"type":"Feature"},{"geometry":{"coordinates":[-161.9124,59.7518],"type":"Point"},"properties":{"country":"United States","name":"Quinhagak, AK, United States","role":"landing"},"type":"Feature"},{"geometry":{"coordinates":[-160.4022,59.0722],"type":"Point"},"properties":{"country":"United States","name":"Togiak, AK, United States","role":"landing"},"type":"Feature"},{"geometry":{"coordinates":[174.5745,-36.1262],"type":"Point"},"properties":{"country":"New Zealand","name":"Mangawhai, New Zealand","role":"landing"},"type":"Feature"},{"geometry":{"coordinates":[-158.0569,21.3354],"type":"Point"},"properties":{"country":"United States","name":"Kapolei, HI, United States","role":"landing"},"type":"Feature"},{"geometry":{"coordinates":[140.7183,36.7131],"type":"Point"},"properties":{"country":"Japan","name":"Takahagi, Japan","role":"landing"},"type":"Feature"},{"geometry":{"coordinates":[-27.2503,38.6657],"type":"Point"},"properties":{"country":"Portugal","name":"Terceira, Portugal","role":"landing"},"type":"Feature"},{"geometry":{"coordinates":[-16.7632,32.7194],"type":"Point"},"properties":{"country":"Portugal","name":"Machico, Portugal","role":"landing"},"type":"Feature"},{"geometry":{"coordinates":[104.0041,1.3735],"type":"Point"},"properties":{"country":"Singapore","name":"Changi, Singapore","role":"landing"},"type":"Feature"},{"geometry":{"coordinates":[-86.4545,42.1162],"type":"Point"},"properties":{"country":"United States","name":"Benton Harbor, MI, United States","role":"landing"},"type":"Feature"},{"geometry":{"coordinates":[-86.4903,42.0949],"type":"Point"},"properties":{"country":"United States","name":"St. Joseph, MI, United States","role":"landing"},"type":"Feature"},{"geometry":{"coordinates":[-87.6324,41.8842],"type":"Point"},"properties":{"country":"United States","name":"Chicago, IL, United States","role":"landing"},"type":"Feature"},{"geometry":{"coordinates":[-85.2584,45.3181],"type":"Point"},"properties":{"country":"United States","name":"Charlevoix, MI, United States","role":"landing"},"type":"Feature"},{"geometry":{"coordinates":[-85.5353,45.7409],"type":"Point"},"properties":{"country":"United States","name":"Beaver Island, MI, United States","role":"landing"},"type":"Feature"},{"geometry":{"coordinates":[-86.0122,45.9931],"type":"Point"},"properties":{"country":"United States","name":"Gulliver, MI, United States","role":"landing"},"type":"Feature"},{"geometry":{"coordinates":[120.3548,16.8307],"type":"Point"},"properties":{"country":"Philippines","name":"Luna, Philippines","role":"landing"},"type":"Feature"},{"geometry":{"coordinates":[120.3556,16.514],"type":"Point"},"properties":{"country":"Philippines","name":"Bauang, Philippines","role":"landing"},"type":"Feature"},{"geometry":{"coordinates":[104.1141,1.9259],"type":"Point"},"properties":{"country":"Malaysia","name":"Kuala Sedili, Malaysia","role":"landing"},"type":"Feature"},{"geometry":{"coordinates":[110.0494,18.3899],"type":"Point"},"properties":{"country":"China","name":"Lingshui, China","role":"landing"},"type":"Feature"},{"geometry":{"coordinates":[-78.8827,33.6936],"type":"Point"},"properties":{"country":"United States","name":"Myrtle Beach, SC, United States","role":"landing"},"type":"Feature"},{"geometry":{"coordinates":[-64.6592,32.3616],"type":"Point"},"properties":{"country":"Bermuda","name":"Annie's Bay, Bermuda","role":"landing"},"type":"Feature"},{"geometry":{"coordinates":[140.2833,48.9667],"type":"Point"},"properties":{"country":"Russia","name":"Sovetskaya Gavan, Russia","role":"landing"},"type":"Feature"},{"geometry":{"coordinates":[141.9802,49.0635],"type":"Point"},"properties":{"country":"Russia","name":"Uglegorsk, Russia","role":"landing"},"type":"Feature"},{"geometry":{"coordinates":[104.157,2.8164],"type":"Point"},"properties":{"country":"Malaysia","name":"Kampung Tekek, Malaysia","role":"landing"},"type":"Feature"},{"geometry":{"coordinates":[103.4915,2.8003],"type":"Point"},"properties":{"country":"Malaysia","name":"Kuala Rompin, Malaysia","role":"landing"},"type":"Feature"},{"geometry":{"coordinates":[100.5796,4.193],"type":"Point"},"properties":{"country":"Malaysia","name":"Pantai Teluk Baharu, Malaysia","role":"landing"},"type":"Feature"},{"geometry":{"coordinates":[100.6292,4.2285],"type":"Point"},"properties":{"country":"Malaysia","name":"Lumut, Malaysia","role":"landing"},"type":"Feature"},{"geometry":{"coordinates":[102.7547,5.9029],"type":"Point"},"properties":{"country":"Malaysia","name":"Pulau Perhentian Besar, Malaysia","role":"landing"},"type":"Feature"},{"geometry":{"coordinates":[102.7229,5.9066],"type":"Point"},"properties":{"country":"Malaysia","name":"Pulau Perhentian Kecil, Malaysia","role":"landing"},"type":"Feature"},{"geometry":{"coordinates":[102.5717,5.7916],"type":"Point"},"properties":{"country":"Malaysia","name":"Kampung Raja, Malaysia","role":"landing"},"type":"Feature"},{"geometry":{"coordinates":[14.3501,35.9524],"type":"Point"},"properties":{"country":"Malta","name":"Mellieha, Malta","role":"landing"},"type":"Feature"},{"geometry":{"coordinates":[56.34,25.0515],"type":"Point"},"properties":{"country":"United Arab Emirates","name":"Kalba, United Arab Emirates","role":"landing"},"type":"Feature"},{"geometry":{"coordinates":[35.6965,27.354],"type":"Point"},"properties":{"country":"Saudi Arabia","name":"Duba, Saudi Arabia","role":"landing"},"type":"Feature"},{"geometry":{"coordinates":[33.0828,28.3659],"type":"Point"},"properties":{"country":"Egypt","name":"Ras Ghareb, Egypt","role":"landing"},"type":"Feature"},{"geometry":{"coordinates":[5.0557,36.7515],"type":"Point"},"properties":{"country":"Algeria","name":"Bejaia, Algeria","role":"landing"},"type":"Feature"},{"geometry":{"coordinates":[18.5654,60.032],"type":"Point"},"properties":{"country":"Sweden","name":"Nothamnsbacken, Sweden","role":"landing"},"type":"Feature"},{"geometry":{"coordinates":[19.805,60.0993],"type":"Point"},"properties":{"country":"Finland","name":"Hamnäs, Finland","role":"landing"},"type":"Feature"},{"geometry":{"coordinates":[21.4462,60.6795],"type":"Point"},"properties":{"country":"Finland","name":"Lokalahti, Finland","role":"landing"},"type":"Feature"},{"geometry":{"coordinates":[19.7248,60.2726],"type":"Point"},"properties":{"country":"Finland","name":"Skatörarna, Finland","role":"landing"},"type":"Feature"},{"geometry":{"coordinates":[19.3762,40.7867],"type":"Point"},"properties":{"country":"Albania","name":"Seman, Albania","role":"landing"},"type":"Feature"},{"geometry":{"coordinates":[18.175,40.3515],"type":"Point"},"properties":{"country":"Italy","name":"Lecce, Italy","role":"landing"},"type":"Feature"},{"geometry":{"coordinates":[-75.0893,38.3347],"type":"Point"},"properties":{"country":"United States","name":"Ocean City, MD, United States","role":"landing"},"type":"Feature"},{"geometry":{"coordinates":[11.921,78.9242],"type":"Point"},"properties":{"country":"Norway","name":"Ny-Ålesund, Norway","role":"landing"},"type":"Feature"},{"geometry":{"coordinates":[-1.1633,50.7293],"type":"Point"},"properties":{"country":"United Kingdom","name":"Ryde, United Kingdom","role":"landing"},"type":"Feature"},{"geometry":{"coordinates":[-1.0873,50.804],"type":"Point"},"properties":{"country":"United Kingdom","name":"Portsmouth, United Kingdom","role":"landing"},"type":"Feature"},{"geometry":{"coordinates":[-1.3675,50.7868],"type":"Point"},"properties":{"country":"United Kingdom","name":"Lepe, United Kingdom","role":"landing"},"type":"Feature"},{"geometry":{"coordinates":[-1.3214,50.7603],"type":"Point"},"properties":{"country":"United Kingdom","name":"Gurnard, United Kingdom","role":"landing"},"type":"Feature"},{"geometry":{"coordinates":[-3.5985,50.3243],"type":"Point"},"properties":{"country":"United Kingdom","name":"Stoke Fleming, United Kingdom","role":"landing"},"type":"Feature"},{"geometry":{"coordinates":[29.6321,41.1822],"type":"Point"},"properties":{"country":"Turkey","name":"Sile, Turkey","role":"landing"},"type":"Feature"},{"geometry":{"coordinates":[30.6775,46.4893],"type":"Point"},"properties":{"country":"Ukraine","name":"Odessa, Ukraine","role":"landing"},"type":"Feature"},{"geometry":{"coordinates":[27.6484,42.6491],"type":"Point"},"properties":{"country":"Bulgaria","name":"Aheloy, Bulgaria","role":"landing"},"type":"Feature"},{"geometry":{"coordinates":[115.7402,-32.5362],"type":"Point"},"properties":{"country":"Australia","name":"Mandurah, WA, Australia","role":"landing"},"type":"Feature"},{"geometry":{"coordinates":[-79.5367,8.9648],"type":"Point"},"properties":{"country":"Panama","name":"Panama City, Panama","role":"landing"},"type":"Feature"},{"geometry":{"coordinates":[-79.2934,25.727],"type":"Point"},"properties":{"country":"Bahamas","name":"Alice Town, Bahamas","role":"landing"},"type":"Feature"},{"geometry":{"coordinates":[-64.8256,18.3001],"type":"Point"},"properties":{"country":"Virgin Islands (U.S.)","name":"Little Saint James, Virgin Islands (U.S.)","role":"landing"},"type":"Feature"},{"geometry":{"coordinates":[92.7265,11.6234],"type":"Point"},"properties":{"country":"India","name":"Sri Vijaya Puram, India","role":"landing"},"type":"Feature"},{"geometry":{"coordinates":[-3.81,43.4615],"type":"Point"},"properties":{"country":"Spain","name":"Santander, Spain","role":"landing"},"type":"Feature"},{"geometry":{"coordinates":[-81.2209,29.5769],"type":"Point"},"properties":{"country":"United States","name":"Palm Coast, FL, United States","role":"landing"},"type":"Feature"},{"geometry":{"coordinates":[8.4569,55.4652],"type":"Point"},"properties":{"country":"Denmark","name":"Esbjerg, Denmark","role":"landing"},"type":"Feature"},{"geometry":{"coordinates":[-0.4112,54.2777],"type":"Point"},"properties":{"country":"United Kingdom","name":"Scarborough, United Kingdom","role":"landing"},"type":"Feature"},{"geometry":{"coordinates":[20.5984,54.9754],"type":"Point"},"properties":{"country":"Russia","name":"Zelenogradsk, Russia","role":"landing"},"type":"Feature"},{"geometry":{"coordinates":[104.1121,1.9279],"type":"Point"},"properties":{"country":"Malaysia","name":"Sedili, Malaysia","role":"landing"},"type":"Feature"},{"geometry":{"coordinates":[46.3155,-15.7137],"type":"Point"},"properties":{"country":"Madagascar","name":"Mahajanga, Madagascar","role":"landing"},"type":"Feature"},{"geometry":{"coordinates":[40.6854,-14.5656],"type":"Point"},"properties":{"country":"Mozambique","name":"Nacala, Mozambique","role":"landing"},"type":"Feature"},{"geometry":{"coordinates":[-68.2655,12.1443],"type":"Point"},"properties":{"country":"Sint Eustatius and Saba","name":"Kralendijk, Bonaire, Sint Eustatius and Saba","role":"landing"},"type":"Feature"},{"geometry":{"coordinates":[122.1675,-2.8299],"type":"Point"},"properties":{"country":"Indonesia","name":"Morowali, Indonesia","role":"landing"},"type":"Feature"},{"geometry":{"coordinates":[119.8785,-8.4871],"type":"Point"},"properties":{"country":"Indonesia","name":"Labuhan Bajo, Indonesia","role":"landing"},"type":"Feature"},{"geometry":{"coordinates":[120.4634,-6.1094],"type":"Point"},"properties":{"country":"Indonesia","name":"Selayar, Indonesia","role":"landing"},"type":"Feature"},{"geometry":{"coordinates":[123.5338,-5.322],"type":"Point"},"properties":{"country":"Indonesia","name":"Wakatobi, Indonesia","role":"landing"},"type":"Feature"},{"geometry":{"coordinates":[-54.4792,49.5559],"type":"Point"},"properties":{"country":"Canada","name":"Farewell, NL, Canada","role":"landing"},"type":"Feature"},{"geometry":{"coordinates":[-54.3952,49.5838],"type":"Point"},"properties":{"country":"Canada","name":"Fogo Island, NL, Canada","role":"landing"},"type":"Feature"},{"geometry":{"coordinates":[-54.2837,49.5839],"type":"Point"},"properties":{"country":"Canada","name":"Stag Harbour, NL, Canada","role":"landing"},"type":"Feature"},{"geometry":{"coordinates":[-17.0357,20.9472],"type":"Point"},"properties":{"country":"Mauritania","name":"Nouadhibou, Mauritania","role":"landing"},"type":"Feature"},{"geometry":{"coordinates":[73.4895,3.9409],"type":"Point"},"properties":{"country":"Maldives","name":"Maafushi, Maldives","role":"landing"},"type":"Feature"},{"geometry":{"coordinates":[73.394,4.0143],"type":"Point"},"properties":{"country":"Maldives","name":"Ithaafushi, Maldives","role":"landing"},"type":"Feature"},{"geometry":{"coordinates":[114.2376,4.5922],"type":"Point"},"properties":{"country":"Brunei","name":"Mumong, Brunei","role":"landing"},"type":"Feature"},{"geometry":{"coordinates":[121.8312,24.6604],"type":"Point"},"properties":{"country":"Taiwan","name":"Wujie, Taiwan","role":"landing"},"type":"Feature"},{"geometry":{"coordinates":[126.7366,35.9677],"type":"Point"},"properties":{"country":"South Korea","name":"Gunsan, South Korea","role":"landing"},"type":"Feature"},{"geometry":{"coordinates":[-109.7091,23.077],"type":"Point"},"properties":{"country":"Mexico","name":"San José del Cabo, Mexico","role":"landing"},"type":"Feature"},{"geometry":{"coordinates":[121.5602,15.7615],"type":"Point"},"properties":{"country":"Philippines","name":"Baler, Philippines","role":"landing"},"type":"Feature"},{"geometry":{"coordinates":[34.3297,27.9122],"type":"Point"},"properties":{"country":"Egypt","name":"Sharm el-Sheikh, Egypt","role":"landing"},"type":"Feature"},{"geometry":{"coordinates":[-66.8782,10.6065],"type":"Point"},"properties":{"country":"Venezuela","name":"Camuri, Venezuela","role":"landing"},"type":"Feature"},{"geometry":{"coordinates":[-66.0829,18.4538],"type":"Point"},"properties":{"country":"United States","name":"Miramar, PR, United States","role":"landing"},"type":"Feature"},{"geometry":{"coordinates":[40.1801,-10.2602],"type":"Point"},"properties":{"country":"Tanzania","name":"Mtwara, Tanzania","role":"landing"},"type":"Feature"},{"geometry":{"coordinates":[34.851,-19.8201],"type":"Point"},"properties":{"country":"Mozambique","name":"Beira, Mozambique","role":"landing"},"type":"Feature"},{"geometry":{"coordinates":[34.9987,32.8116],"type":"Point"},"properties":{"country":"Israel","name":"Haifa, Israel","role":"landing"},"type":"Feature"},{"geometry":{"coordinates":[-164.5979,62.7762],"type":"Point"},"properties":{"country":"United States","name":"Emmonak, AK, United States","role":"landing"},"type":"Feature"},{"geometry":{"coordinates":[-166.1989,61.5189],"type":"Point"},"properties":{"country":"United States","name":"Hooper Bay, AK, United States","role":"landing"},"type":"Feature"},{"geometry":{"coordinates":[-5.1244,51.8596],"type":"Point"},"properties":{"country":"United Kingdom","name":"Newgale, United Kingdom","role":"landing"},"type":"Feature"},{"geometry":{"coordinates":[-67.8249,-9.9754],"type":"Point"},"properties":{"country":"Brazil","name":"Rio Branco, Brazil","role":"landing"},"type":"Feature"},{"geometry":{"coordinates":[-72.6764,-7.625],"type":"Point"},"properties":{"country":"Brazil","name":"Cruzeiro do Sul, Brazil","role":"landing"},"type":"Feature"},{"geometry":{"coordinates":[-59.0921,-3.8912],"type":"Point"},"properties":{"country":"Brazil","name":"Nova Olinda do Norte, Brazil","role":"landing"},"type":"Feature"},{"geometry":{"coordinates":[-59.5945,-4.3925],"type":"Point"},"properties":{"country":"Brazil","name":"Borba, Brazil","role":"landing"},"type":"Feature"},{"geometry":{"coordinates":[-60.3761,-5.1203],"type":"Point"},"properties":{"country":"Brazil","name":"Novo Aripuanã, Brazil","role":"landing"},"type":"Feature"},{"geometry":{"coordinates":[-61.2946,-5.8129],"type":"Point"},"properties":{"country":"Brazil","name":"Manicoré, Brazil","role":"landing"},"type":"Feature"},{"geometry":{"coordinates":[-61.8383,-6.2496],"type":"Point"},"properties":{"country":"Brazil","name":"Auxiliadora, Brazil","role":"landing"},"type":"Feature"},{"geometry":{"coordinates":[-63.0284,-7.5125],"type":"Point"},"properties":{"country":"Brazil","name":"Humaitá, Brazil","role":"landing"},"type":"Feature"},{"geometry":{"coordinates":[-62.8756,-8.0288],"type":"Point"},"properties":{"country":"Brazil","name":"Calama, Brazil","role":"landing"},"type":"Feature"},{"geometry":{"coordinates":[-63.902,-8.7617],"type":"Point"},"properties":{"country":"Brazil","name":"Porto Velho, Brazil","role":"landing"},"type":"Feature"},{"geometry":{"coordinates":[11.8994,57.4554],"type":"Point"},"properties":{"country":"Sweden","name":"Lerkil, Sweden","role":"landing"},"type":"Feature"},{"geometry":{"coordinates":[-159.4053,22.2151],"type":"Point"},"properties":{"country":"United States","name":"Kilauea, HI, United States","role":"landing"},"type":"Feature"},{"geometry":{"coordinates":[-158.1231,21.5734],"type":"Point"},"properties":{"country":"United States","name":"Waialua, HI, United States","role":"landing"},"type":"Feature"},{"geometry":{"coordinates":[-157.7401,21.3966],"type":"Point"},"properties":{"country":"United States","name":"Kailua, HI, United States","role":"landing"},"type":"Feature"},{"geometry":{"coordinates":[-156.5031,20.8848],"type":"Point"},"properties":{"country":"United States","name":"Wailuku, HI, United States","role":"landing"},"type":"Feature"},{"geometry":{"coordinates":[-155.9867,20.757],"type":"Point"},"properties":{"country":"United States","name":"Hana, HI, United States","role":"landing"},"type":"Feature"},{"geometry":{"coordinates":[-155.8327,20.2409],"type":"Point"},"properties":{"country":"United States","name":"Kohala, HI, United States","role":"landing"},"type":"Feature"},{"geometry":{"coordinates":[-155.8221,20.0231],"type":"Point"},"properties":{"country":"United States","name":"Spencer Beach, HI, United States","role":"landing"},"type":"Feature"},{"geometry":{"coordinates":[-146.5805,60.8651],"type":"Point"},"properties":{"country":"United States","name":"Tatilek, AK, United States","role":"landing"},"type":"Feature"},{"geometry":{"coordinates":[171.3803,7.0897],"type":"Point"},"properties":{"country":"Marshall Islands","name":"Majuro, Marshall Islands","role":"landing"},"type":"Feature"},{"geometry":{"coordinates":[-170.7269,-14.3316],"type":"Point"},"properties":{"country":"American Samoa","name":"Tafuna, American Samoa","role":"landing"},"type":"Feature"},{"geometry":{"coordinates":[-149.3059,-17.7186],"type":"Point"},"properties":{"country":"French Polynesia","name":"Faratea, French Polynesia","role":"landing"},"type":"Feature"},{"geometry":{"coordinates":[-149.3252,-17.7341],"type":"Point"},"properties":{"country":"French Polynesia","name":"Mitirapa, French Polynesia","role":"landing"},"type":"Feature"},{"geometry":{"coordinates":[24.3348,36.6806],"type":"Point"},"properties":{"country":"Greece","name":"Milos, Greece","role":"landing"},"type":"Feature"},{"geometry":{"coordinates":[144.8124,13.5436],"type":"Point"},"properties":{"country":"Guam","name":"Tanguisson Point, Guam","role":"landing"},"type":"Feature"},{"geometry":{"coordinates":[-0.2104,39.6626],"type":"Point"},"properties":{"country":"Spain","name":"Sagunto, Spain","role":"landing"},"type":"Feature"},{"geometry":{"coordinates":[25.1279,35.3384],"type":"Point"},"properties":{"country":"Greece","name":"Heraklion, Greece","role":"landing"},"type":"Feature"},{"geometry":{"coordinates":[167.2003,-15.5064],"type":"Point"},"properties":{"country":"Vanuatu","name":"Luganville, Vanuatu","role":"landing"},"type":"Feature"},{"geometry":{"coordinates":[167.4035,-16.0823],"type":"Point"},"properties":{"country":"Vanuatu","name":"Norsup, Vanuatu","role":"landing"},"type":"Feature"},{"geometry":{"coordinates":[169.2679,-19.5342],"type":"Point"},"properties":{"country":"Vanuatu","name":"Tanna, Vanuatu","role":"landing"},"type":"Feature"},{"geometry":{"coordinates":[-62.6834,17.2904],"type":"Point"},"properties":{"country":"Saint Kitts and Nevis","name":"Frigate Bay, Saint Kitts and Nevis","role":"landing"},"type":"Feature"},{"geometry":{"coordinates":[-64.7887,32.2809],"type":"Point"},"properties":{"country":"Bermuda","name":"Paget, Bermuda","role":"landing"},"type":"Feature"},{"geometry":{"coordinates":[115.0759,-8.1155],"type":"Point"},"properties":{"country":"Indonesia","name":"Singaraja, Indonesia","role":"landing"},"type":"Feature"},{"geometry":{"coordinates":[115.6924,-8.4101],"type":"Point"},"properties":{"country":"Indonesia","name":"Bali, Indonesia","role":"landing"},"type":"Feature"},{"geometry":{"coordinates":[141.6032,42.6361],"type":"Point"},"properties":{"country":"Japan","name":"Tomakomai, Japan","role":"landing"},"type":"Feature"},{"geometry":{"coordinates":[130.1505,33.5975],"type":"Point"},"properties":{"country":"Japan","name":"Itoshima, Japan","role":"landing"},"type":"Feature"},{"geometry":{"coordinates":[15.3921,67.2599],"type":"Point"},"properties":{"country":"Norway","name":"Fauske, Norway","role":"landing"},"type":"Feature"},{"geometry":{"coordinates":[106.7915,-6.1077],"type":"Point"},"properties":{"country":"Indonesia","name":"Pantai Mutiara, Indonesia","role":"landing"},"type":"Feature"},{"geometry":{"coordinates":[110.4255,-6.9714],"type":"Point"},"properties":{"country":"Indonesia","name":"Semarang, Indonesia","role":"landing"},"type":"Feature"},{"geometry":{"coordinates":[119.6417,-5.6721],"type":"Point"},"properties":{"country":"Indonesia","name":"Jeneponto, Indonesia","role":"landing"},"type":"Feature"},{"geometry":{"coordinates":[-127.9515,52.0637],"type":"Point"},"properties":{"country":"Canada","name":"Kaiete Point, BC, Canada","role":"landing"},"type":"Feature"},{"geometry":{"coordinates":[-127.7906,52.2679],"type":"Point"},"properties":{"country":"Canada","name":"Cousins Inlet, BC, Canada","role":"landing"},"type":"Feature"},{"geometry":{"coordinates":[-127.6935,52.3534],"type":"Point"},"properties":{"country":"Canada","name":"Ocean Falls, BC, Canada","role":"landing"},"type":"Feature"},{"geometry":{"coordinates":[-127.722,52.3601],"type":"Point"},"properties":{"country":"Canada","name":"Martin Valley, BC, Canada","role":"landing"},"type":"Feature"},{"geometry":{"coordinates":[-126.7528,52.3721],"type":"Point"},"properties":{"country":"Canada","name":"Bella Coola, BC, Canada","role":"landing"},"type":"Feature"},{"geometry":{"coordinates":[-123.844,49.1733],"type":"Point"},"properties":{"country":"Canada","name":"Gabriola, BC, Canada","role":"landing"},"type":"Feature"},{"geometry":{"coordinates":[-124.1235,49.2519],"type":"Point"},"properties":{"country":"Canada","name":"Snaw-naw-as, BC, Canada","role":"landing"},"type":"Feature"},{"geometry":{"coordinates":[-124.4432,49.3494],"type":"Point"},"properties":{"country":"Canada","name":"Qualicum Beach, BC, Canada","role":"landing"},"type":"Feature"},{"geometry":{"coordinates":[-124.6867,49.4435],"type":"Point"},"properties":{"country":"Canada","name":"Bowser, BC, Canada","role":"landing"},"type":"Feature"},{"geometry":{"coordinates":[-124.7136,49.4935],"type":"Point"},"properties":{"country":"Canada","name":"Denman Island, BC, Canada","role":"landing"},"type":"Feature"},{"geometry":{"coordinates":[-124.6971,49.5135],"type":"Point"},"properties":{"country":"Canada","name":"Hornby Island, BC, Canada","role":"landing"},"type":"Feature"},{"geometry":{"coordinates":[-124.9283,49.6735],"type":"Point"},"properties":{"country":"Canada","name":"Comox, BC, Canada","role":"landing"},"type":"Feature"},{"geometry":{"coordinates":[-125.0491,49.8242],"type":"Point"},"properties":{"country":"Canada","name":"Williams Beach, BC, Canada","role":"landing"},"type":"Feature"},{"geometry":{"coordinates":[-125.1862,49.9196],"type":"Point"},"properties":{"country":"Canada","name":"Stories Beach, BC, Canada","role":"landing"},"type":"Feature"},{"geometry":{"coordinates":[-125.2482,50.0246],"type":"Point"},"properties":{"country":"Canada","name":"Campbell River, BC, Canada","role":"landing"},"type":"Feature"},{"geometry":{"coordinates":[-130.3213,54.2234],"type":"Point"},"properties":{"country":"Canada","name":"Ridley Island, BC, Canada","role":"landing"},"type":"Feature"},{"geometry":{"coordinates":[-124.9864,50.0631],"type":"Point"},"properties":{"country":"Canada","name":"Mansons Landing, BC, Canada","role":"landing"},"type":"Feature"},{"geometry":{"coordinates":[-125.0493,50.1112],"type":"Point"},"properties":{"country":"Canada","name":"Whaletown, BC, Canada","role":"landing"},"type":"Feature"},{"geometry":{"coordinates":[-125.2159,50.1013],"type":"Point"},"properties":{"country":"Canada","name":"Heriot Bay, BC, Canada","role":"landing"},"type":"Feature"},{"geometry":{"coordinates":[-125.196,50.1371],"type":"Point"},"properties":{"country":"Canada","name":"Open Bay, BC, Canada","role":"landing"},"type":"Feature"},{"geometry":{"coordinates":[-125.1607,50.1724],"type":"Point"},"properties":{"country":"Canada","name":"Bold Point, BC, Canada","role":"landing"},"type":"Feature"},{"geometry":{"coordinates":[-125.1018,50.2315],"type":"Point"},"properties":{"country":"Canada","name":"Surge Narrows, BC, Canada","role":"landing"},"type":"Feature"},{"geometry":{"coordinates":[-124.8164,50.0358],"type":"Point"},"properties":{"country":"Canada","name":"Bliss Landing, BC, Canada","role":"landing"},"type":"Feature"},{"geometry":{"coordinates":[-124.7613,49.982],"type":"Point"},"properties":{"country":"Canada","name":"Lund, BC, Canada","role":"landing"},"type":"Feature"},{"geometry":{"coordinates":[-123.114,49.2604],"type":"Point"},"properties":{"country":"Canada","name":"Vancouver, BC, Canada","role":"landing"},"type":"Feature"},{"geometry":{"coordinates":[-130.4341,54.5544],"type":"Point"},"properties":{"country":"Canada","name":"Lax Kw'alaams, BC, Canada","role":"landing"},"type":"Feature"},{"geometry":{"coordinates":[-130.4444,54.3371],"type":"Point"},"properties":{"country":"Canada","name":"Metlakatla, BC, Canada","role":"landing"},"type":"Feature"},{"geometry":{"coordinates":[-130.3263,54.3131],"type":"Point"},"properties":{"country":"Canada","name":"Prince Rupert, BC, Canada","role":"landing"},"type":"Feature"},{"geometry":{"coordinates":[-130.3875,54.2878],"type":"Point"},"properties":{"country":"Canada","name":"Dodge Cove, BC, Canada","role":"landing"},"type":"Feature"},{"geometry":{"coordinates":[-130.2585,53.9495],"type":"Point"},"properties":{"country":"Canada","name":"Oona River, BC, Canada","role":"landing"},"type":"Feature"},{"geometry":{"coordinates":[-130.4333,53.7947],"type":"Point"},"properties":{"country":"Canada","name":"Kitkatla, BC, Canada","role":"landing"},"type":"Feature"},{"geometry":{"coordinates":[-130.6145,53.4923],"type":"Point"},"properties":{"country":"Canada","name":"Bonilla Island, BC, Canada","role":"landing"},"type":"Feature"},{"geometry":{"coordinates":[-131.9298,53.5625],"type":"Point"},"properties":{"country":"Canada","name":"Tlell, BC, Canada","role":"landing"},"type":"Feature"},{"geometry":{"coordinates":[-129.6057,53.5432],"type":"Point"},"properties":{"country":"Canada","name":"Tom Island, BC, Canada","role":"landing"},"type":"Feature"},{"geometry":{"coordinates":[-129.2548,53.4253],"type":"Point"},"properties":{"country":"Canada","name":"Hartley Bay, BC, Canada","role":"landing"},"type":"Feature"},{"geometry":{"coordinates":[-128.7007,53.1498],"type":"Point"},"properties":{"country":"Canada","name":"Butedale, BC, Canada","role":"landing"},"type":"Feature"},{"geometry":{"coordinates":[-128.5249,52.5918],"type":"Point"},"properties":{"country":"Canada","name":"Klemtu, BC, Canada","role":"landing"},"type":"Feature"},{"geometry":{"coordinates":[-128.5238,52.643],"type":"Point"},"properties":{"country":"Canada","name":"Boat Bluff, BC, Canada","role":"landing"},"type":"Feature"},{"geometry":{"coordinates":[-128.4054,52.2716],"type":"Point"},"properties":{"country":"Canada","name":"Ivory Island, BC, Canada","role":"landing"},"type":"Feature"},{"geometry":{"coordinates":[-128.723,52.2623],"type":"Point"},"properties":{"country":"Canada","name":"McInnes Island, BC, Canada","role":"landing"},"type":"Feature"},{"geometry":{"coordinates":[-128.1119,52.1852],"type":"Point"},"properties":{"country":"Canada","name":"Dryad Point, BC, Canada","role":"landing"},"type":"Feature"},{"geometry":{"coordinates":[-128.1447,52.1611],"type":"Point"},"properties":{"country":"Canada","name":"Bella Bella, BC, Canada","role":"landing"},"type":"Feature"},{"geometry":{"coordinates":[-128.1223,52.1539],"type":"Point"},"properties":{"country":"Canada","name":"Old Bella Bella, BC, Canada","role":"landing"},"type":"Feature"},{"geometry":{"coordinates":[-128.0907,52.1479],"type":"Point"},"properties":{"country":"Canada","name":"Shearwater, BC, Canada","role":"landing"},"type":"Feature"},{"geometry":{"coordinates":[-124.901,50.0845],"type":"Point"},"properties":{"country":"Canada","name":"Seaford, BC, Canada","role":"landing"},"type":"Feature"},{"geometry":{"coordinates":[-125.4456,50.3314],"type":"Point"},"properties":{"country":"Canada","name":"Chatham Point, BC, Canada","role":"landing"},"type":"Feature"},{"geometry":{"coordinates":[-125.4421,50.2774],"type":"Point"},"properties":{"country":"Canada","name":"Elk Bay, BC, Canada","role":"landing"},"type":"Feature"},{"geometry":{"coordinates":[-125.3026,50.2358],"type":"Point"},"properties":{"country":"Canada","name":"Granite Bay, BC, Canada","role":"landing"},"type":"Feature"},{"geometry":{"coordinates":[-128.6476,53.9744],"type":"Point"},"properties":{"country":"Canada","name":"Kitamaat Village, BC, Canada","role":"landing"},"type":"Feature"},{"geometry":{"coordinates":[-128.0241,50.6523],"type":"Point"},"properties":{"country":"Canada","name":"Holberg, BC, Canada","role":"landing"},"type":"Feature"},{"geometry":{"coordinates":[-128.6409,54.0595],"type":"Point"},"properties":{"country":"Canada","name":"Kitimat, BC, Canada","role":"landing"},"type":"Feature"},{"geometry":{"coordinates":[-127.5816,50.5994],"type":"Point"},"properties":{"country":"Canada","name":"Coal Harbour, BC, Canada","role":"landing"},"type":"Feature"},{"geometry":{"coordinates":[-127.6544,50.5353],"type":"Point"},"properties":{"country":"Canada","name":"Quatsino, BC, Canada","role":"landing"},"type":"Feature"},{"geometry":{"coordinates":[-127.4881,50.4267],"type":"Point"},"properties":{"country":"Canada","name":"Port Alice, BC, Canada","role":"landing"},"type":"Feature"},{"geometry":{"coordinates":[-128.0281,50.5239],"type":"Point"},"properties":{"country":"Canada","name":"Winter Harbour, BC, Canada","role":"landing"},"type":"Feature"},{"geometry":{"coordinates":[-128.0333,50.4427],"type":"Point"},"properties":{"country":"Canada","name":"Kains Island, BC, Canada","role":"landing"},"type":"Feature"},{"geometry":{"coordinates":[-126.2002,50.9499],"type":"Point"},"properties":{"country":"Canada","name":"Kingcome Inlet, BC, Canada","role":"landing"},"type":"Feature"},{"geometry":{"coordinates":[-124.4889,49.6779],"type":"Point"},"properties":{"country":"Canada","name":"Gillies Bay, BC, Canada","role":"landing"},"type":"Feature"},{"geometry":{"coordinates":[-124.5238,49.8359],"type":"Point"},"properties":{"country":"Canada","name":"Powell River, BC, Canada","role":"landing"},"type":"Feature"},{"geometry":{"coordinates":[-124.5565,49.7577],"type":"Point"},"properties":{"country":"Canada","name":"Van Anda, BC, Canada","role":"landing"},"type":"Feature"},{"geometry":{"coordinates":[-123.4389,49.4396],"type":"Point"},"properties":{"country":"Canada","name":"Gambier Harbour, BC, Canada","role":"landing"},"type":"Feature"},{"geometry":{"coordinates":[-123.4348,49.3962],"type":"Point"},"properties":{"country":"Canada","name":"Eastbourne, BC, Canada","role":"landing"},"type":"Feature"},{"geometry":{"coordinates":[-123.5146,49.4016],"type":"Point"},"properties":{"country":"Canada","name":"Gibsons, BC, Canada","role":"landing"},"type":"Feature"},{"geometry":{"coordinates":[-124.1799,49.7833],"type":"Point"},"properties":{"country":"Canada","name":"Saltery Bay, BC, Canada","role":"landing"},"type":"Feature"},{"geometry":{"coordinates":[-125.1415,48.8328],"type":"Point"},"properties":{"country":"Canada","name":"Bamfield, BC, Canada","role":"landing"},"type":"Feature"},{"geometry":{"coordinates":[-125.0229,48.9645],"type":"Point"},"properties":{"country":"Canada","name":"Haggard's Cove, BC, Canada","role":"landing"},"type":"Feature"},{"geometry":{"coordinates":[-125.0334,48.8832],"type":"Point"},"properties":{"country":"Canada","name":"Sarita, BC, Canada","role":"landing"},"type":"Feature"},{"geometry":{"coordinates":[-125.0423,49.0211],"type":"Point"},"properties":{"country":"Canada","name":"Uchucklesaht, BC, Canada","role":"landing"},"type":"Feature"},{"geometry":{"coordinates":[-125.3643,49.0073],"type":"Point"},"properties":{"country":"Canada","name":"Toquaht Bay, BC, Canada","role":"landing"},"type":"Feature"},{"geometry":{"coordinates":[-124.8391,50.1237],"type":"Point"},"properties":{"country":"Canada","name":"Refuge Cove, BC, Canada","role":"landing"},"type":"Feature"},{"geometry":{"coordinates":[-124.9175,50.1174],"type":"Point"},"properties":{"country":"Canada","name":"Squirrel Cove, BC, Canada","role":"landing"},"type":"Feature"},{"geometry":{"coordinates":[-126.0856,50.4928],"type":"Point"},"properties":{"country":"Canada","name":"Port Neville, BC, Canada","role":"landing"},"type":"Feature"},{"geometry":{"coordinates":[-125.959,50.3843],"type":"Point"},"properties":{"country":"Canada","name":"Sayward, BC, Canada","role":"landing"},"type":"Feature"},{"geometry":{"coordinates":[-130.278,54.1423],"type":"Point"},"properties":{"country":"Canada","name":"Smith Island, BC, Canada","role":"landing"},"type":"Feature"},{"geometry":{"coordinates":[-127.8637,51.6032],"type":"Point"},"properties":{"country":"Canada","name":"Addenbroke Island, BC, Canada","role":"landing"},"type":"Feature"},{"geometry":{"coordinates":[-127.2105,51.6801],"type":"Point"},"properties":{"country":"Canada","name":"Wuikinuxv, BC, Canada","role":"landing"},"type":"Feature"},{"geometry":{"coordinates":[-127.6448,51.4056],"type":"Point"},"properties":{"country":"Canada","name":"Duncanby, BC, Canada","role":"landing"},"type":"Feature"},{"geometry":{"coordinates":[-127.8344,51.2496],"type":"Point"},"properties":{"country":"Canada","name":"Egg Island, BC, Canada","role":"landing"},"type":"Feature"},{"geometry":{"coordinates":[-127.7246,50.9775],"type":"Point"},"properties":{"country":"Canada","name":"Pine Island, BC, Canada","role":"landing"},"type":"Feature"},{"geometry":{"coordinates":[-127.6128,50.8604],"type":"Point"},"properties":{"country":"Canada","name":"Scarlett Point, BC, Canada","role":"landing"},"type":"Feature"},{"geometry":{"coordinates":[-127.4958,50.7209],"type":"Point"},"properties":{"country":"Canada","name":"Port Hardy, BC, Canada","role":"landing"},"type":"Feature"},{"geometry":{"coordinates":[-127.1898,50.6121],"type":"Point"},"properties":{"country":"Canada","name":"Kwakiutl (Cluxewe), BC, Canada","role":"landing"},"type":"Feature"},{"geometry":{"coordinates":[-127.1548,50.6312],"type":"Point"},"properties":{"country":"Canada","name":"Pulteney Point, BC, Canada","role":"landing"},"type":"Feature"},{"geometry":{"coordinates":[-126.9263,50.5884],"type":"Point"},"properties":{"country":"Canada","name":"Alert Bay, BC, Canada","role":"landing"},"type":"Feature"},{"geometry":{"coordinates":[-127.0008,50.5826],"type":"Point"},"properties":{"country":"Canada","name":"Hyde Creek, BC, Canada","role":"landing"},"type":"Feature"},{"geometry":{"coordinates":[-126.8311,50.5477],"type":"Point"},"properties":{"country":"Canada","name":"Telegraph Cove, BC, Canada","role":"landing"},"type":"Feature"},{"geometry":{"coordinates":[-126.8495,50.6337],"type":"Point"},"properties":{"country":"Canada","name":"Mitchell Bay, BC, Canada","role":"landing"},"type":"Feature"},{"geometry":{"coordinates":[-126.6108,50.5738],"type":"Point"},"properties":{"country":"Canada","name":"Harbledown Island, BC, Canada","role":"landing"},"type":"Feature"},{"geometry":{"coordinates":[-126.5987,50.7005],"type":"Point"},"properties":{"country":"Canada","name":"Kwikwasut'inuxw Haxwa’mis, BC, Canada","role":"landing"},"type":"Feature"},{"geometry":{"coordinates":[-126.4973,50.7499],"type":"Point"},"properties":{"country":"Canada","name":"Echo Bay, BC, Canada","role":"landing"},"type":"Feature"},{"geometry":{"coordinates":[-126.5586,50.8489],"type":"Point"},"properties":{"country":"Canada","name":"Shawl Bay, BC, Canada","role":"landing"},"type":"Feature"},{"geometry":{"coordinates":[-125.5467,50.3773],"type":"Point"},"properties":{"country":"Canada","name":"Edith Point, BC, Canada","role":"landing"},"type":"Feature"},{"geometry":{"coordinates":[-125.5034,50.4128],"type":"Point"},"properties":{"country":"Canada","name":"Blind Channel, BC, Canada","role":"landing"},"type":"Feature"},{"geometry":{"coordinates":[-84.1207,29.9537],"type":"Point"},"properties":{"country":"United States","name":"San Blas, FL, United States","role":"landing"},"type":"Feature"},{"geometry":{"coordinates":[51.2127,26.1292],"type":"Point"},"properties":{"country":"Qatar","name":"Al Ghariya, Qatar","role":"landing"},"type":"Feature"},{"geometry":{"coordinates":[28.6698,59.4459],"type":"Point"},"properties":{"country":"Russia","name":"Kingisepp, Russia","role":"landing"},"type":"Feature"},{"geometry":{"coordinates":[4.8302,60.5873],"type":"Point"},"properties":{"country":"Norway","name":"Øygarden, Norway","role":"landing"},"type":"Feature"},{"geometry":{"coordinates":[135.7216,-14.2775],"type":"Point"},"properties":{"country":"Australia","name":"Numbulwar, NT, Australia","role":"landing"},"type":"Feature"},{"geometry":{"coordinates":[136.4203,-13.8512],"type":"Point"},"properties":{"country":"Australia","name":"Alyangula, NT, Australia","role":"landing"},"type":"Feature"},{"geometry":{"coordinates":[142.2013,47.9894],"type":"Point"},"properties":{"country":"Russia","name":"Ilyinskoye, Russia","role":"landing"},"type":"Feature"},{"geometry":{"coordinates":[-2.1068,57.1538],"type":"Point"},"properties":{"country":"United Kingdom","name":"Aberdeen, United Kingdom","role":"landing"},"type":"Feature"},{"geometry":{"coordinates":[120.493,26.3673],"type":"Point"},"properties":{"country":"Taiwan","name":"Dongyin, Taiwan","role":"landing"},"type":"Feature"},{"geometry":{"coordinates":[119.9344,26.1552],"type":"Point"},"properties":{"country":"Taiwan","name":"Nangan, Taiwan","role":"landing"},"type":"Feature"},{"geometry":{"coordinates":[119.9391,25.9731],"type":"Point"},"properties":{"country":"Taiwan","name":"Xiju, Taiwan","role":"landing"},"type":"Feature"},{"geometry":{"coordinates":[-5.5594,54.3021],"type":"Point"},"properties":{"country":"United Kingdom","name":"Ballyhornan, United Kingdom","role":"landing"},"type":"Feature"},{"geometry":{"coordinates":[-51.228,-30.0343],"type":"Point"},"properties":{"country":"Brazil","name":"Porto Alegre, Brazil","role":"landing"},"type":"Feature"},{"geometry":{"coordinates":[18.3657,60.2602],"type":"Point"},"properties":{"country":"Sweden","name":"Östhammar, Sweden","role":"landing"},"type":"Feature"},{"geometry":{"coordinates":[22.0381,58.36],"type":"Point"},"properties":{"country":"Estonia","name":"Kihelkonna, Estonia","role":"landing"},"type":"Feature"},{"geometry":{"coordinates":[87.5065,21.6219],"type":"Point"},"properties":{"country":"India","name":"Digha, India","role":"landing"},"type":"Feature"},{"geometry":{"coordinates":[81.1395,16.175],"type":"Point"},"properties":{"country":"India","name":"Machilipatnam, India","role":"landing"},"type":"Feature"},{"geometry":{"coordinates":[-5.2505,36.3761],"type":"Point"},"properties":{"country":"Spain","name":"Manilva, Spain","role":"landing"},"type":"Feature"},{"geometry":{"coordinates":[-65.5558,45.348],"type":"Point"},"properties":{"country":"Canada","name":"St. Martins, NB, Canada","role":"landing"},"type":"Feature"},{"geometry":{"coordinates":[1.4464,51.38],"type":"Point"},"properties":{"country":"United Kingdom","name":"Joss Bay, United Kingdom","role":"landing"},"type":"Feature"},{"geometry":{"coordinates":[0.0463,50.7929],"type":"Point"},"properties":{"country":"United Kingdom","name":"Newhaven, United Kingdom","role":"landing"},"type":"Feature"},{"geometry":{"coordinates":[100.0409,9.5269],"type":"Point"},"properties":{"country":"Thailand","name":"Koh Samui, Thailand","role":"landing"},"type":"Feature"},{"geometry":{"coordinates":[151.2428,-33.9461],"type":"Point"},"properties":{"country":"Australia","name":"Maroubra, NSW, Australia","role":"landing"},"type":"Feature"},{"geometry":{"coordinates":[-61.8469,17.0176],"type":"Point"},"properties":{"country":"Antigua and Barbuda","name":"Morris Bay, Antigua and Barbuda","role":"landing"},"type":"Feature"},{"geometry":{"coordinates":[-123.687,38.9696],"type":"Point"},"properties":{"country":"United States","name":"Manchester, CA, United States","role":"landing"},"type":"Feature"},{"geometry":{"coordinates":[24.0538,37.7111],"type":"Point"},"properties":{"country":"Greece","name":"Lavrio, Greece","role":"landing"},"type":"Feature"},{"geometry":{"coordinates":[24.9393,37.4395],"type":"Point"},"properties":{"country":"Greece","name":"Ermoupoli, Greece","role":"landing"},"type":"Feature"},{"geometry":{"coordinates":[25.0192,37.6523],"type":"Point"},"properties":{"country":"Greece","name":"Marlas, Greece","role":"landing"},"type":"Feature"},{"geometry":{"coordinates":[25.3286,37.4469],"type":"Point"},"properties":{"country":"Greece","name":"Mykonos, Greece","role":"landing"},"type":"Feature"},{"geometry":{"coordinates":[25.2381,37.1222],"type":"Point"},"properties":{"country":"Greece","name":"Naousa, Greece","role":"landing"},"type":"Feature"},{"geometry":{"coordinates":[25.376,37.1018],"type":"Point"},"properties":{"country":"Greece","name":"Naxos, Greece","role":"landing"},"type":"Feature"},{"geometry":{"coordinates":[-123.4289,49.3433],"type":"Point"},"properties":{"country":"Canada","name":"Cape Roger Curtis, BC, Canada","role":"landing"},"type":"Feature"},{"geometry":{"coordinates":[-123.338,49.3801],"type":"Point"},"properties":{"country":"Canada","name":"Snug Cove, BC, Canada","role":"landing"},"type":"Feature"},{"geometry":{"coordinates":[-123.2765,49.3748],"type":"Point"},"properties":{"country":"Canada","name":"Horseshoe Bay, BC, Canada","role":"landing"},"type":"Feature"},{"geometry":{"coordinates":[-124.3562,49.3421],"type":"Point"},"properties":{"country":"Canada","name":"French Creek, BC, Canada","role":"landing"},"type":"Feature"},{"geometry":{"coordinates":[30.4811,1.44],"type":"Point"},"properties":{"country":"Dem. Rep.","name":"Tchoima, Congo, Dem. Rep.","role":"landing"},"type":"Feature"},{"geometry":{"coordinates":[30.6636,1.115],"type":"Point"},"properties":{"country":"Uganda","name":"Nkusi, Uganda","role":"landing"},"type":"Feature"},{"geometry":{"coordinates":[30.6484,1.1016],"type":"Point"},"properties":{"country":"Uganda","name":"Mpeefu, Uganda","role":"landing"},"type":"Feature"},{"geometry":{"coordinates":[30.4384,1.3934],"type":"Point"},"properties":{"country":"Dem. Rep.","name":"Kasenyi, Congo, Dem. Rep.","role":"landing"},"type":"Feature"},{"geometry":{"coordinates":[29.1499,-3.3777],"type":"Point"},"properties":{"country":"Dem. Rep.","name":"Uvira, Congo, Dem. Rep.","role":"landing"},"type":"Feature"},{"geometry":{"coordinates":[29.2036,-5.9134],"type":"Point"},"properties":{"country":"Dem. Rep.","name":"Kalemie, Congo, Dem. Rep.","role":"landing"},"type":"Feature"},{"geometry":{"coordinates":[4.3174,52.084],"type":"Point"},"properties":{"country":"Netherlands","name":"The Hague, Netherlands","role":"landing"},"type":"Feature"},{"geometry":{"coordinates":[143.1455,46.8593],"type":"Point"},"properties":{"country":"Russia","name":"Okhotskoe, Russia","role":"landing"},"type":"Feature"},{"geometry":{"coordinates":[14.4854,35.9259],"type":"Point"},"properties":{"country":"Malta","name":"St. George's Bay, Malta","role":"landing"},"type":"Feature"},{"geometry":{"coordinates":[38.6608,44.3252],"type":"Point"},"properties":{"country":"Russia","name":"Dzhubga, Russia","role":"landing"},"type":"Feature"},{"geometry":{"coordinates":[151.2578,-33.9095],"type":"Point"},"properties":{"country":"Australia","name":"Clovelly, NSW, Australia","role":"landing"},"type":"Feature"},{"geometry":{"coordinates":[-8.7343,70.9091],"type":"Point"},"properties":{"country":"Norway","name":"Olonkinbyen, Norway","role":"landing"},"type":"Feature"},{"geometry":{"coordinates":[100.3617,-0.9439],"type":"Point"},"properties":{"country":"Indonesia","name":"Padang, Indonesia","role":"landing"},"type":"Feature"},{"geometry":{"coordinates":[99.589,-2.0282],"type":"Point"},"properties":{"country":"Indonesia","name":"Tua Pejat, Indonesia","role":"landing"},"type":"Feature"},{"geometry":{"coordinates":[-13.8622,28.4965],"type":"Point"},"properties":{"country":"Spain","name":"Puerto del Rosario, Canary Islands, Spain","role":"landing"},"type":"Feature"},{"geometry":{"coordinates":[-13.5476,28.9595],"type":"Point"},"properties":{"country":"Spain","name":"Arrecife, Canary Islands, Spain","role":"landing"},"type":"Feature"},{"geometry":{"coordinates":[-13.8648,28.7286],"type":"Point"},"properties":{"country":"Spain","name":"Corralejo, Canary Islands, Spain","role":"landing"},"type":"Feature"},{"geometry":{"coordinates":[-13.8273,28.8634],"type":"Point"},"properties":{"country":"Spain","name":"Playa Blanca, Canary Islands, Spain","role":"landing"},"type":"Feature"},{"geometry":{"coordinates":[-15.4397,28.1302],"type":"Point"},"properties":{"country":"Spain","name":"Las Palmas, Spain","role":"landing"},"type":"Feature"},{"geometry":{"coordinates":[-15.4174,27.9955],"type":"Point"},"properties":{"country":"Spain","name":"Telde, Spain","role":"landing"},"type":"Feature"},{"geometry":{"coordinates":[99.9508,13.094],"type":"Point"},"properties":{"country":"Thailand","name":"Phetchaburi, Thailand","role":"landing"},"type":"Feature"},{"geometry":{"coordinates":[99.1781,10.4977],"type":"Point"},"properties":{"country":"Thailand","name":"Chumphon, Thailand","role":"landing"},"type":"Feature"},{"geometry":{"coordinates":[20.2774,39.45],"type":"Point"},"properties":{"country":"Greece","name":"Plataria, Greece","role":"landing"},"type":"Feature"},{"geometry":{"coordinates":[25.2897,37.1253],"type":"Point"},"properties":{"country":"Greece","name":"Filizi, Greece","role":"landing"},"type":"Feature"},{"geometry":{"coordinates":[20.7517,38.9593],"type":"Point"},"properties":{"country":"Greece","name":"Preveza, Greece","role":"landing"},"type":"Feature"},{"geometry":{"coordinates":[17.1272,39.0807],"type":"Point"},"properties":{"country":"Italy","name":"Crotone, Italy","role":"landing"},"type":"Feature"},{"geometry":{"coordinates":[-15.9344,23.7211],"type":"Point"},"properties":{"country":"Morocco","name":"Dakhla, Morocco","role":"landing"},"type":"Feature"},{"geometry":{"coordinates":[116.0725,-8.5614],"type":"Point"},"properties":{"country":"Indonesia","name":"Lombok, Indonesia","role":"landing"},"type":"Feature"},{"geometry":{"coordinates":[115.2606,-8.6571],"type":"Point"},"properties":{"country":"Indonesia","name":"Padang Galak, Indonesia","role":"landing"},"type":"Feature"},{"geometry":{"coordinates":[144.6575,13.3853],"type":"Point"},"properties":{"country":"Guam","name":"Agat, Guam","role":"landing"},"type":"Feature"},{"geometry":{"coordinates":[-124.1596,40.8033],"type":"Point"},"properties":{"country":"United States","name":"Eureka, CA, United States","role":"landing"},"type":"Feature"},{"geometry":{"coordinates":[102.667,0.9326],"type":"Point"},"properties":{"country":"Indonesia","name":"Tebingtinggi Island, Indonesia","role":"landing"},"type":"Feature"},{"geometry":{"coordinates":[27.9853,41.8842],"type":"Point"},"properties":{"country":"Turkey","name":"Igneada, Turkey","role":"landing"},"type":"Feature"},{"geometry":{"coordinates":[28.5828,43.8172],"type":"Point"},"properties":{"country":"Romania","name":"Mangalia, Romania","role":"landing"},"type":"Feature"},{"geometry":{"coordinates":[27.9128,43.2084],"type":"Point"},"properties":{"country":"Bulgaria","name":"Varna, Bulgaria","role":"landing"},"type":"Feature"},{"geometry":{"coordinates":[115.2215,-8.6567],"type":"Point"},"properties":{"country":"Indonesia","name":"Denpasar, Indonesia","role":"landing"},"type":"Feature"},{"geometry":{"coordinates":[116.6549,-8.5371],"type":"Point"},"properties":{"country":"Indonesia","name":"Pringgabaya, Indonesia","role":"landing"},"type":"Feature"},{"geometry":{"coordinates":[35.563,33.8919],"type":"Point"},"properties":{"country":"Lebanon","name":"Jdaide, Lebanon","role":"landing"},"type":"Feature"},{"geometry":{"coordinates":[-76.5744,24.425],"type":"Point"},"properties":{"country":"Bahamas","name":"Rock Sound, Bahamas","role":"landing"},"type":"Feature"},{"geometry":{"coordinates":[96.8323,-12.1931],"type":"Point"},"properties":{"country":"Cocos (Keeling) Islands","name":"West Island, Cocos (Keeling) Islands","role":"landing"},"type":"Feature"},{"geometry":{"coordinates":[26.1072,35.207],"type":"Point"},"properties":{"country":"Greece","name":"Sitia, Greece","role":"landing"},"type":"Feature"},{"geometry":{"coordinates":[27.8511,35.9279],"type":"Point"},"properties":{"country":"Greece","name":"Plimmiri, Greece","role":"landing"},"type":"Feature"},{"geometry":{"coordinates":[28.1201,36.4116],"type":"Point"},"properties":{"country":"Greece","name":"Kremasti, Greece","role":"landing"},"type":"Feature"},{"geometry":{"coordinates":[27.1434,36.7829],"type":"Point"},"properties":{"country":"Greece","name":"Kardamena, Greece","role":"landing"},"type":"Feature"},{"geometry":{"coordinates":[26.9951,36.7716],"type":"Point"},"properties":{"country":"Greece","name":"Kochilari, Greece","role":"landing"},"type":"Feature"},{"geometry":{"coordinates":[25.4648,36.3454],"type":"Point"},"properties":{"country":"Greece","name":"Perivolos, Greece","role":"landing"},"type":"Feature"},{"geometry":{"coordinates":[25.4023,36.4774],"type":"Point"},"properties":{"country":"Greece","name":"Baxedes, Greece","role":"landing"},"type":"Feature"},{"geometry":{"coordinates":[25.4036,36.9773],"type":"Point"},"properties":{"country":"Greece","name":"Pirgaki, Greece","role":"landing"},"type":"Feature"},{"geometry":{"coordinates":[25.4196,37.4391],"type":"Point"},"properties":{"country":"Greece","name":"Kalafati, Greece","role":"landing"},"type":"Feature"},{"geometry":{"coordinates":[25.2071,37.5313],"type":"Point"},"properties":{"country":"Greece","name":"Agios Sostis, Greece","role":"landing"},"type":"Feature"},{"geometry":{"coordinates":[25.1605,37.5387],"type":"Point"},"properties":{"country":"Greece","name":"Tinos, Greece","role":"landing"},"type":"Feature"},{"geometry":{"coordinates":[20.1129,39.3854],"type":"Point"},"properties":{"country":"Greece","name":"Kavos, Greece","role":"landing"},"type":"Feature"},{"geometry":{"coordinates":[19.8585,39.6415],"type":"Point"},"properties":{"country":"Greece","name":"Kontokali, Greece","role":"landing"},"type":"Feature"},{"geometry":{"coordinates":[-151.3429,-22.4513],"type":"Point"},"properties":{"country":"French Polynesia","name":"Rurutu, French Polynesia","role":"landing"},"type":"Feature"},{"geometry":{"coordinates":[-149.4859,-23.347],"type":"Point"},"properties":{"country":"French Polynesia","name":"Tubuai, French Polynesia","role":"landing"},"type":"Feature"},{"geometry":{"coordinates":[-61.9557,47.3826],"type":"Point"},"properties":{"country":"Canada","name":"Les Îles-de-la-Madeleine, QC, Canada","role":"landing"},"type":"Feature"},{"geometry":{"coordinates":[-64.309,48.4718],"type":"Point"},"properties":{"country":"Canada","name":"L'Anse-à-Beaufils, QC, Canada","role":"landing"},"type":"Feature"},{"geometry":{"coordinates":[101.4436,2.7512],"type":"Point"},"properties":{"country":"Malaysia","name":"Morib, Malaysia","role":"landing"},"type":"Feature"},{"geometry":{"coordinates":[-163.415,54.8508],"type":"Point"},"properties":{"country":"United States","name":"False Pass, AK, United States","role":"landing"},"type":"Feature"},{"geometry":{"coordinates":[-165.7731,54.1356],"type":"Point"},"properties":{"country":"United States","name":"Akutan, AK, United States","role":"landing"},"type":"Feature"},{"geometry":{"coordinates":[-162.3044,55.0491],"type":"Point"},"properties":{"country":"United States","name":"King Cove, AK, United States","role":"landing"},"type":"Feature"},{"geometry":{"coordinates":[-162.704,55.2041],"type":"Point"},"properties":{"country":"United States","name":"Cold Bay, AK, United States","role":"landing"},"type":"Feature"},{"geometry":{"coordinates":[-160.5007,55.336],"type":"Point"},"properties":{"country":"United States","name":"Sand Point, AK, United States","role":"landing"},"type":"Feature"},{"geometry":{"coordinates":[-158.4088,56.2944],"type":"Point"},"properties":{"country":"United States","name":"Chignik Bay, AK, United States","role":"landing"},"type":"Feature"},{"geometry":{"coordinates":[-158.5072,56.3213],"type":"Point"},"properties":{"country":"United States","name":"Chignik Lagoon, AK, United States","role":"landing"},"type":"Feature"},{"geometry":{"coordinates":[-158.7721,56.2549],"type":"Point"},"properties":{"country":"United States","name":"Chignik Lake, AK, United States","role":"landing"},"type":"Feature"},{"geometry":{"coordinates":[-153.986,57.5372],"type":"Point"},"properties":{"country":"United States","name":"Larsen Bay, AK, United States","role":"landing"},"type":"Feature"},{"geometry":{"coordinates":[-166.5332,53.8844],"type":"Point"},"properties":{"country":"United States","name":"Unalaska, AK, United States","role":"landing"},"type":"Feature"},{"geometry":{"coordinates":[-152.8819,57.8694],"type":"Point"},"properties":{"country":"United States","name":"Port Lions, AK, United States","role":"landing"},"type":"Feature"},{"geometry":{"coordinates":[-152.5017,57.9252],"type":"Point"},"properties":{"country":"United States","name":"Ouzinkie, AK, United States","role":"landing"},"type":"Feature"},{"geometry":{"coordinates":[-159.1448,55.9175],"type":"Point"},"properties":{"country":"United States","name":"Perryville, AK, United States","role":"landing"},"type":"Feature"},{"geometry":{"coordinates":[-77.9335,9.1254],"type":"Point"},"properties":{"country":"Panama","name":"Ustupo, Panama","role":"landing"},"type":"Feature"},{"geometry":{"coordinates":[-74.2053,11.242],"type":"Point"},"properties":{"country":"Colombia","name":"Santa Marta, Colombia","role":"landing"},"type":"Feature"},{"geometry":{"coordinates":[-74.9528,11.0052],"type":"Point"},"properties":{"country":"Colombia","name":"Puerto Colombia, Colombia","role":"landing"},"type":"Feature"},{"geometry":{"coordinates":[108.1429,3.9457],"type":"Point"},"properties":{"country":"Indonesia","name":"Natuna, Indonesia","role":"landing"},"type":"Feature"},{"geometry":{"coordinates":[104.6354,-0.1628],"type":"Point"},"properties":{"country":"Indonesia","name":"Lingga, Indonesia","role":"landing"},"type":"Feature"},{"geometry":{"coordinates":[108.9872,0.906],"type":"Point"},"properties":{"country":"Indonesia","name":"Singkawang, Indonesia","role":"landing"},"type":"Feature"},{"geometry":{"coordinates":[102.0801,1.4892],"type":"Point"},"properties":{"country":"Indonesia","name":"Bengkalis, Indonesia","role":"landing"},"type":"Feature"},{"geometry":{"coordinates":[103.4049,0.7698],"type":"Point"},"properties":{"country":"Indonesia","name":"Karimun, Indonesia","role":"landing"},"type":"Feature"},{"geometry":{"coordinates":[108.3775,3.9409],"type":"Point"},"properties":{"country":"Indonesia","name":"Ranai, Indonesia","role":"landing"},"type":"Feature"},{"geometry":{"coordinates":[104.4258,1.1367],"type":"Point"},"properties":{"country":"Indonesia","name":"Bintan, Indonesia","role":"landing"},"type":"Feature"},{"geometry":{"coordinates":[140.751,36.8018],"type":"Point"},"properties":{"country":"Japan","name":"Kitaibaraki, Japan","role":"landing"},"type":"Feature"},{"geometry":{"coordinates":[103.9047,1.3093],"type":"Point"},"properties":{"country":"Singapore","name":"Katong, Singapore","role":"landing"},"type":"Feature"},{"geometry":{"coordinates":[1.6203,52.2071],"type":"Point"},"properties":{"country":"United Kingdom","name":"Sizewell, United Kingdom","role":"landing"},"type":"Feature"},{"geometry":{"coordinates":[-79.9028,9.3509],"type":"Point"},"properties":{"country":"Panama","name":"Cristóbal, Panama","role":"landing"},"type":"Feature"},{"geometry":{"coordinates":[-81.7958,26.1391],"type":"Point"},"properties":{"country":"United States","name":"Naples, FL, United States","role":"landing"},"type":"Feature"},{"geometry":{"coordinates":[8.4069,55.4485],"type":"Point"},"properties":{"country":"Denmark","name":"Fano, Denmark","role":"landing"},"type":"Feature"},{"geometry":{"coordinates":[5.1805,55.3222],"type":"Point"},"properties":{"country":"Denmark","name":"TotalEnergies Halfdan, Denmark","role":"landing"},"type":"Feature"},{"geometry":{"coordinates":[4.5131,55.4187],"type":"Point"},"properties":{"country":"Denmark","name":"TotalEnergies Tyra, Denmark","role":"landing"},"type":"Feature"},{"geometry":{"coordinates":[23.7225,35.5123],"type":"Point"},"properties":{"country":"Greece","name":"Nopigeia, Greece","role":"landing"},"type":"Feature"},{"geometry":{"coordinates":[23.0357,36.5232],"type":"Point"},"properties":{"country":"Greece","name":"Neapoli, Greece","role":"landing"},"type":"Feature"},{"geometry":{"coordinates":[24.9316,35.4047],"type":"Point"},"properties":{"country":"Greece","name":"Korakia, Greece","role":"landing"},"type":"Feature"},{"geometry":{"coordinates":[23.3632,37.974],"type":"Point"},"properties":{"country":"Greece","name":"Pachi, Greece","role":"landing"},"type":"Feature"},{"geometry":{"coordinates":[-6.0855,53.5497],"type":"Point"},"properties":{"country":"Ireland","name":"LoughShinny, Ireland","role":"landing"},"type":"Feature"},{"geometry":{"coordinates":[-124.8076,49.234],"type":"Point"},"properties":{"country":"Canada","name":"Port Alberni, BC, Canada","role":"landing"},"type":"Feature"},{"geometry":{"coordinates":[-60.4693,46.8967],"type":"Point"},"properties":{"country":"Canada","name":"Dingwall, NS, Canada","role":"landing"},"type":"Feature"},{"geometry":{"coordinates":[-59.3919,47.8816],"type":"Point"},"properties":{"country":"Canada","name":"Codroy, NL, Canada","role":"landing"},"type":"Feature"},{"geometry":{"coordinates":[-64.9483,45.0895],"type":"Point"},"properties":{"country":"Canada","name":"Aylesford, NS, Canada","role":"landing"},"type":"Feature"},{"geometry":{"coordinates":[-60.2241,46.2293],"type":"Point"},"properties":{"country":"Canada","name":"Sydney Mines, NS, Canada","role":"landing"},"type":"Feature"},{"geometry":{"coordinates":[-59.2847,47.6367],"type":"Point"},"properties":{"country":"Canada","name":"Cape Ray, NL, Canada","role":"landing"},"type":"Feature"},{"geometry":{"coordinates":[12.8667,-7.2333],"type":"Point"},"properties":{"country":"Angola","name":"N'zeto, Angola","role":"landing"},"type":"Feature"},{"geometry":{"coordinates":[12.1409,-5.231],"type":"Point"},"properties":{"country":"Angola","name":"Cacongo, Angola","role":"landing"},"type":"Feature"},{"geometry":{"coordinates":[-66.4069,50.2309],"type":"Point"},"properties":{"country":"Canada","name":"Sept-Îles, QC, Canada","role":"landing"},"type":"Feature"},{"geometry":{"coordinates":[-66.4901,49.1238],"type":"Point"},"properties":{"country":"Canada","name":"Sainte-Anne-des-Monts, QC, Canada","role":"landing"},"type":"Feature"},{"geometry":{"coordinates":[2.4628,39.5],"type":"Point"},"properties":{"country":"Spain","name":"Santa Ponsa, Spain","role":"landing"},"type":"Feature"},{"geometry":{"coordinates":[2.9116,39.6135],"type":"Point"},"properties":{"country":"Spain","name":"Mallorca, Spain","role":"landing"},"type":"Feature"},{"geometry":{"coordinates":[1.4189,38.9061],"type":"Point"},"properties":{"country":"Spain","name":"Ibiza, Spain","role":"landing"},"type":"Feature"},{"geometry":{"coordinates":[18.4052,40.302],"type":"Point"},"properties":{"country":"Italy","name":"San Foca, Italy","role":"landing"},"type":"Feature"},{"geometry":{"coordinates":[121.9448,11.9492],"type":"Point"},"properties":{"country":"Philippines","name":"Boracay, Philippines","role":"landing"},"type":"Feature"},{"geometry":{"coordinates":[121.9508,11.9309],"type":"Point"},"properties":{"country":"Philippines","name":"Caticlan, Philippines","role":"landing"},"type":"Feature"},{"geometry":{"coordinates":[-80.8559,-2.3298],"type":"Point"},"properties":{"country":"Ecuador","name":"Ancon, Ecuador","role":"landing"},"type":"Feature"},{"geometry":{"coordinates":[141.3544,43.0621],"type":"Point"},"properties":{"country":"Japan","name":"Sapporo, Japan","role":"landing"},"type":"Feature"},{"geometry":{"coordinates":[-21.3781,63.8563],"type":"Point"},"properties":{"country":"Iceland","name":"Thorlakshofn, Iceland","role":"landing"},"type":"Feature"},{"geometry":{"coordinates":[173.683,-42.4027],"type":"Point"},"properties":{"country":"New Zealand","name":"Kaikoura, New Zealand","role":"landing"},"type":"Feature"},{"geometry":{"coordinates":[174.7671,-41.2805],"type":"Point"},"properties":{"country":"New Zealand","name":"Wellington, New Zealand","role":"landing"},"type":"Feature"},{"geometry":{"coordinates":[172.6362,-43.5321],"type":"Point"},"properties":{"country":"New Zealand","name":"Christchurch, New Zealand","role":"landing"},"type":"Feature"},{"geometry":{"coordinates":[174.9975,-40.9191],"type":"Point"},"properties":{"country":"New Zealand","name":"Paraparaumu, New Zealand","role":"landing"},"type":"Feature"},{"geometry":{"coordinates":[175.05,-39.9333],"type":"Point"},"properties":{"country":"New Zealand","name":"Whanganui, New Zealand","role":"landing"},"type":"Feature"},{"geometry":{"coordinates":[175.052,-40.8628],"type":"Point"},"properties":{"country":"New Zealand","name":"Waikanae, New Zealand","role":"landing"},"type":"Feature"},{"geometry":{"coordinates":[174.6134,-41.3016],"type":"Point"},"properties":{"country":"New Zealand","name":"Oteranga Bay, New Zealand","role":"landing"},"type":"Feature"},{"geometry":{"coordinates":[174.236,-41.339],"type":"Point"},"properties":{"country":"New Zealand","name":"Fighting Bay, New Zealand","role":"landing"},"type":"Feature"},{"geometry":{"coordinates":[174.838,-41.1058],"type":"Point"},"properties":{"country":"New Zealand","name":"Titahi Bay, New Zealand","role":"landing"},"type":"Feature"},{"geometry":{"coordinates":[173.5061,-42.5161],"type":"Point"},"properties":{"country":"New Zealand","name":"Oara, New Zealand","role":"landing"},"type":"Feature"},{"geometry":{"coordinates":[-54.95,-34.9667],"type":"Point"},"properties":{"country":"Uruguay","name":"Punta del Este, Uruguay","role":"landing"},"type":"Feature"},{"geometry":{"coordinates":[115.3314,-8.5367],"type":"Point"},"properties":{"country":"Indonesia","name":"Gianyar, Indonesia","role":"landing"},"type":"Feature"},{"geometry":{"coordinates":[-5.1156,54.8437],"type":"Point"},"properties":{"country":"United Kingdom","name":"Portpatrick, United Kingdom","role":"landing"},"type":"Feature"},{"geometry":{"coordinates":[-5.5388,54.6428],"type":"Point"},"properties":{"country":"United Kingdom","name":"Donaghadee, United Kingdom","role":"landing"},"type":"Feature"},{"geometry":{"coordinates":[-4.8542,55.2402],"type":"Point"},"properties":{"country":"United Kingdom","name":"Girvan, United Kingdom","role":"landing"},"type":"Feature"},{"geometry":{"coordinates":[-5.8099,54.8575],"type":"Point"},"properties":{"country":"United Kingdom","name":"Larne, United Kingdom","role":"landing"},"type":"Feature"},{"geometry":{"coordinates":[-55.1739,5.824],"type":"Point"},"properties":{"country":"Suriname","name":"Paramaribo, Suriname","role":"landing"},"type":"Feature"},{"geometry":{"coordinates":[-60.7353,11.1825],"type":"Point"},"properties":{"country":"Trinidad and Tobago","name":"Rockly Bay, Trinidad and Tobago","role":"landing"},"type":"Feature"},{"geometry":{"coordinates":[-74.6119,11.0122],"type":"Point"},"properties":{"country":"Colombia","name":"Parque Isla de Salamanca, Colombia","role":"landing"},"type":"Feature"},{"geometry":{"coordinates":[-102.1943,17.9568],"type":"Point"},"properties":{"country":"Mexico","name":"Ciudad Lázaro Cárdenas, Mexico","role":"landing"},"type":"Feature"},{"geometry":{"coordinates":[-104.3082,19.0858],"type":"Point"},"properties":{"country":"Mexico","name":"Manzanillo, Mexico","role":"landing"},"type":"Feature"},{"geometry":{"coordinates":[-71.3237,-17.6412],"type":"Point"},"properties":{"country":"Peru","name":"Ilo, Peru","role":"landing"},"type":"Feature"},{"geometry":{"coordinates":[-149.3234,-17.7505],"type":"Point"},"properties":{"country":"French Polynesia","name":"To'ahotu, French Polynesia","role":"landing"},"type":"Feature"},{"geometry":{"coordinates":[33.9195,35.2844],"type":"Point"},"properties":{"country":"Cyprus","name":"Iskele, Cyprus","role":"landing"},"type":"Feature"},{"geometry":{"coordinates":[121.0781,13.6357],"type":"Point"},"properties":{"country":"Philippines","name":"Ilijan, Philippines","role":"landing"},"type":"Feature"},{"geometry":{"coordinates":[121.8847,13.4291],"type":"Point"},"properties":{"country":"Philippines","name":"Boac, Philippines","role":"landing"},"type":"Feature"},{"geometry":{"coordinates":[122.0817,12.603],"type":"Point"},"properties":{"country":"Philippines","name":"Calatrava, Philippines","role":"landing"},"type":"Feature"},{"geometry":{"coordinates":[123.8615,11.9409],"type":"Point"},"properties":{"country":"Philippines","name":"Placer, Philippines","role":"landing"},"type":"Feature"},{"geometry":{"coordinates":[122.969,10.6407],"type":"Point"},"properties":{"country":"Philippines","name":"Bacolod, Philippines","role":"landing"},"type":"Feature"},{"geometry":{"coordinates":[123.4129,10.4837],"type":"Point"},"properties":{"country":"Philippines","name":"San Carlos, Philippines","role":"landing"},"type":"Feature"},{"geometry":{"coordinates":[123.6353,10.3763],"type":"Point"},"properties":{"country":"Philippines","name":"Toledo, Philippines","role":"landing"},"type":"Feature"},{"geometry":{"coordinates":[123.1675,9.1462],"type":"Point"},"properties":{"country":"Philippines","name":"Zamboanguita, Philippines","role":"landing"},"type":"Feature"},{"geometry":{"coordinates":[-63.2442,17.6151],"type":"Point"},"properties":{"country":"Sint Eustatius and Saba","name":"Great Level Bay, Bonaire, Sint Eustatius and Saba","role":"landing"},"type":"Feature"},{"geometry":{"coordinates":[-62.9855,17.4759],"type":"Point"},"properties":{"country":"Sint Eustatius and Saba","name":"Gallows Bay, Bonaire, Sint Eustatius and Saba","role":"landing"},"type":"Feature"},{"geometry":{"coordinates":[127.9773,26.5915],"type":"Point"},"properties":{"country":"Japan","name":"Nago, Japan","role":"landing"},"type":"Feature"},{"geometry":{"coordinates":[130.5571,31.5966],"type":"Point"},"properties":{"country":"Japan","name":"Kagoshima, Japan","role":"landing"},"type":"Feature"},{"geometry":{"coordinates":[-22.919,16.1772],"type":"Point"},"properties":{"country":"Cape Verde","name":"Sal Rei, Cape Verde","role":"landing"},"type":"Feature"},{"geometry":{"coordinates":[-22.9353,16.6771],"type":"Point"},"properties":{"country":"Cape Verde","name":"Murdeira, Cape Verde","role":"landing"},"type":"Feature"},{"geometry":{"coordinates":[-24.3572,16.5659],"type":"Point"},"properties":{"country":"Cape Verde","name":"Tarrafal de São Nicolau, Cape Verde","role":"landing"},"type":"Feature"},{"geometry":{"coordinates":[-25.0608,16.8234],"type":"Point"},"properties":{"country":"Cape Verde","name":"Sao Pedro, Cape Verde","role":"landing"},"type":"Feature"},{"geometry":{"coordinates":[-23.7511,15.2768],"type":"Point"},"properties":{"country":"Cape Verde","name":"Tarrafal de Santiago, Cape Verde","role":"landing"},"type":"Feature"},{"geometry":{"coordinates":[-25.0594,17.0192],"type":"Point"},"properties":{"country":"Cape Verde","name":"Porto Novo, Cape Verde","role":"landing"},"type":"Feature"},{"geometry":{"coordinates":[-24.6954,14.873],"type":"Point"},"properties":{"country":"Cape Verde","name":"Nova Sintra, Cape Verde","role":"landing"},"type":"Feature"},{"geometry":{"coordinates":[-24.5009,14.8971],"type":"Point"},"properties":{"country":"Cape Verde","name":"Sao Filipe, Cape Verde","role":"landing"},"type":"Feature"},{"geometry":{"coordinates":[-23.2098,15.1384],"type":"Point"},"properties":{"country":"Cape Verde","name":"Vila do Maio, Cape Verde","role":"landing"},"type":"Feature"},{"geometry":{"coordinates":[123.335,8.5641],"type":"Point"},"properties":{"country":"Philippines","name":"Dipolog City, Philippines","role":"landing"},"type":"Feature"},{"geometry":{"coordinates":[-169.9167,-19.0167],"type":"Point"},"properties":{"country":"Niue","name":"Alofi, Niue","role":"landing"},"type":"Feature"},{"geometry":{"coordinates":[14.5503,36.7848],"type":"Point"},"properties":{"country":"Italy","name":"Marina di Ragusa, Italy","role":"landing"},"type":"Feature"},{"geometry":{"coordinates":[-61.2408,13.2909],"type":"Point"},"properties":{"country":"Saint Vincent and the Grenadines","name":"Chateaubelair, Saint Vincent and the Grenadines","role":"landing"},"type":"Feature"},{"geometry":{"coordinates":[-61.1428,13.3731],"type":"Point"},"properties":{"country":"Saint Vincent and the Grenadines","name":"Owia, Saint Vincent and the Grenadines","role":"landing"},"type":"Feature"},{"geometry":{"coordinates":[-61.6064,12.1612],"type":"Point"},"properties":{"country":"Grenada","name":"Conference, Grenada","role":"landing"},"type":"Feature"},{"geometry":{"coordinates":[-61.2447,12.9976],"type":"Point"},"properties":{"country":"Saint Vincent and the Grenadines","name":"Bequia, Saint Vincent and the Grenadines","role":"landing"},"type":"Feature"},{"geometry":{"coordinates":[-61.1871,12.8777],"type":"Point"},"properties":{"country":"Saint Vincent and the Grenadines","name":"Mustique, Saint Vincent and the Grenadines","role":"landing"},"type":"Feature"},{"geometry":{"coordinates":[-61.339,12.6996],"type":"Point"},"properties":{"country":"Saint Vincent and the Grenadines","name":"Canouan, Saint Vincent and the Grenadines","role":"landing"},"type":"Feature"},{"geometry":{"coordinates":[-61.4432,12.6114],"type":"Point"},"properties":{"country":"Saint Vincent and the Grenadines","name":"Union Island, Saint Vincent and the Grenadines","role":"landing"},"type":"Feature"},{"geometry":{"coordinates":[-61.4786,12.4737],"type":"Point"},"properties":{"country":"Grenada","name":"Carriacou, Grenada","role":"landing"},"type":"Feature"},{"geometry":{"coordinates":[12.2513,57.1053],"type":"Point"},"properties":{"country":"Sweden","name":"Varberg, Sweden","role":"landing"},"type":"Feature"},{"geometry":{"coordinates":[10.8871,57.257],"type":"Point"},"properties":{"country":"Denmark","name":"Laeso, Denmark","role":"landing"},"type":"Feature"},{"geometry":{"coordinates":[-1.9683,46.694],"type":"Point"},"properties":{"country":"France","name":"Saint-Hilaire-de-Riez, France","role":"landing"},"type":"Feature"},{"geometry":{"coordinates":[9.9593,57.5882],"type":"Point"},"properties":{"country":"Denmark","name":"Hirtshals, Denmark","role":"landing"},"type":"Feature"},{"geometry":{"coordinates":[-4.7605,54.0872],"type":"Point"},"properties":{"country":"Isle of Man","name":"Port Erin, Isle of Man","role":"landing"},"type":"Feature"},{"geometry":{"coordinates":[119.8093,-5.6691],"type":"Point"},"properties":{"country":"Indonesia","name":"Bulobulo, Indonesia","role":"landing"},"type":"Feature"},{"geometry":{"coordinates":[117.5355,0.3245],"type":"Point"},"properties":{"country":"Indonesia","name":"Sangatta, Indonesia","role":"landing"},"type":"Feature"},{"geometry":{"coordinates":[119.6661,-0.7119],"type":"Point"},"properties":{"country":"Indonesia","name":"Towale, Indonesia","role":"landing"},"type":"Feature"},{"geometry":{"coordinates":[125.4868,9.7827],"type":"Point"},"properties":{"country":"Philippines","name":"Surigao City, Philippines","role":"landing"},"type":"Feature"},{"geometry":{"coordinates":[124.8422,10.1786],"type":"Point"},"properties":{"country":"Philippines","name":"Maasin, Philippines","role":"landing"},"type":"Feature"},{"geometry":{"coordinates":[123.9883,10.4064],"type":"Point"},"properties":{"country":"Philippines","name":"Liloan, Philippines","role":"landing"},"type":"Feature"},{"geometry":{"coordinates":[124.3972,11.0549],"type":"Point"},"properties":{"country":"Philippines","name":"Palompon, Philippines","role":"landing"},"type":"Feature"},{"geometry":{"coordinates":[123.9012,12.106],"type":"Point"},"properties":{"country":"Philippines","name":"Palanas, Philippines","role":"landing"},"type":"Feature"},{"geometry":{"coordinates":[123.8961,12.6837],"type":"Point"},"properties":{"country":"Philippines","name":"Bulan, Philippines","role":"landing"},"type":"Feature"},{"geometry":{"coordinates":[125.8697,9.4983],"type":"Point"},"properties":{"country":"Philippines","name":"Cagdianao, Philippines","role":"landing"},"type":"Feature"},{"geometry":{"coordinates":[126.0525,9.8552],"type":"Point"},"properties":{"country":"Philippines","name":"Siargao Island, Philippines","role":"landing"},"type":"Feature"},{"geometry":{"coordinates":[124.8165,8.9828],"type":"Point"},"properties":{"country":"Philippines","name":"Kinoguitan, Philippines","role":"landing"},"type":"Feature"},{"geometry":{"coordinates":[124.7289,9.1725],"type":"Point"},"properties":{"country":"Philippines","name":"Camiguin Island, Philippines","role":"landing"},"type":"Feature"},{"geometry":{"coordinates":[123.8389,10.252],"type":"Point"},"properties":{"country":"Philippines","name":"Talisay, Philippines","role":"landing"},"type":"Feature"},{"geometry":{"coordinates":[123.8782,9.6754],"type":"Point"},"properties":{"country":"Philippines","name":"Tagbilaran, Philippines","role":"landing"},"type":"Feature"},{"geometry":{"coordinates":[123.9135,9.6226],"type":"Point"},"properties":{"country":"Philippines","name":"Baclayon, Philippines","role":"landing"},"type":"Feature"},{"geometry":{"coordinates":[122.6785,8.0739],"type":"Point"},"properties":{"country":"Philippines","name":"Liloy, Philippines","role":"landing"},"type":"Feature"},{"geometry":{"coordinates":[122.0633,6.9114],"type":"Point"},"properties":{"country":"Philippines","name":"Zamboanga, Philippines","role":"landing"},"type":"Feature"},{"geometry":{"coordinates":[122.9507,13.5478],"type":"Point"},"properties":{"country":"Philippines","name":"Pasacao, Philippines","role":"landing"},"type":"Feature"},{"geometry":{"coordinates":[124.2823,12.5014],"type":"Point"},"properties":{"country":"Philippines","name":"Allen, Philippines","role":"landing"},"type":"Feature"},{"geometry":{"coordinates":[124.1071,12.6453],"type":"Point"},"properties":{"country":"Philippines","name":"Santa Magdalena, Philippines","role":"landing"},"type":"Feature"},{"geometry":{"coordinates":[-159.7697,-21.2244],"type":"Point"},"properties":{"country":"Cook Islands","name":"Rarotonga, Cook Islands","role":"landing"},"type":"Feature"},{"geometry":{"coordinates":[-159.7749,-18.8257],"type":"Point"},"properties":{"country":"Cook Islands","name":"Aitutaki, Cook Islands","role":"landing"},"type":"Feature"},{"geometry":{"coordinates":[166.945,-22.159],"type":"Point"},"properties":{"country":"New Caledonia","name":"Yate, New Caledonia","role":"landing"},"type":"Feature"},{"geometry":{"coordinates":[166.5636,-22.2654],"type":"Point"},"properties":{"country":"New Caledonia","name":"Mont-Dore, New Caledonia","role":"landing"},"type":"Feature"},{"geometry":{"coordinates":[119.3846,-5.3433],"type":"Point"},"properties":{"country":"Indonesia","name":"Aeng Batu Batu, Indonesia","role":"landing"},"type":"Feature"},{"geometry":{"coordinates":[-86.8792,20.4286],"type":"Point"},"properties":{"country":"Mexico","name":"Isla de Cozumel, Mexico","role":"landing"},"type":"Feature"},{"geometry":{"coordinates":[-87.0702,20.6297],"type":"Point"},"properties":{"country":"Mexico","name":"Playa del Carmen, Mexico","role":"landing"},"type":"Feature"},{"geometry":{"coordinates":[8.6162,57.1116],"type":"Point"},"properties":{"country":"Denmark","name":"Hanstholm, Denmark","role":"landing"},"type":"Feature"},{"geometry":{"coordinates":[-5.3252,36.2103],"type":"Point"},"properties":{"country":"Spain","name":"La Línea, Spain","role":"landing"},"type":"Feature"},{"geometry":{"coordinates":[-5.3137,35.8868],"type":"Point"},"properties":{"country":"Spain","name":"Playa de la Ribera, Spain","role":"landing"},"type":"Feature"},{"geometry":{"coordinates":[-5.6045,36.0143],"type":"Point"},"properties":{"country":"Spain","name":"Tarifa, Spain","role":"landing"},"type":"Feature"},{"geometry":{"coordinates":[-5.3347,35.8939],"type":"Point"},"properties":{"country":"Spain","name":"Playa de Benitez, Spain","role":"landing"},"type":"Feature"},{"geometry":{"coordinates":[0.7978,49.8773],"type":"Point"},"properties":{"country":"France","name":"Veules-les-Roses, France","role":"landing"},"type":"Feature"},{"geometry":{"coordinates":[-0.1344,50.8285],"type":"Point"},"properties":{"country":"United Kingdom","name":"Brighton, United Kingdom","role":"landing"},"type":"Feature"},{"geometry":{"coordinates":[-101.6105,17.6641],"type":"Point"},"properties":{"country":"Mexico","name":"Ixtapa-Zihuatanejo, Mexico","role":"landing"},"type":"Feature"},{"geometry":{"coordinates":[-172.5109,-8.5591],"type":"Point"},"properties":{"country":"Tokelau","name":"Atafu, Tokelau","role":"landing"},"type":"Feature"},{"geometry":{"coordinates":[-171.2615,-9.3838],"type":"Point"},"properties":{"country":"Tokelau","name":"Fakaofo, Tokelau","role":"landing"},"type":"Feature"},{"geometry":{"coordinates":[30.9016,-30.0217],"type":"Point"},"properties":{"country":"South Africa","name":"Umbogintwini, South Africa","role":"landing"},"type":"Feature"},{"geometry":{"coordinates":[123.295,9.2463],"type":"Point"},"properties":{"country":"Philippines","name":"Bacong, Philippines","role":"landing"},"type":"Feature"},{"geometry":{"coordinates":[-17.8909,27.8202],"type":"Point"},"properties":{"country":"Spain","name":"Valverde, Canary Islands, Spain","role":"landing"},"type":"Feature"},{"geometry":{"coordinates":[-17.1082,28.088],"type":"Point"},"properties":{"country":"Spain","name":"San Sebastian de la Gomera, Canary Islands, Spain","role":"landing"},"type":"Feature"},{"geometry":{"coordinates":[-9.0483,53.2739],"type":"Point"},"properties":{"country":"Ireland","name":"Galway, Ireland","role":"landing"},"type":"Feature"},{"geometry":{"coordinates":[-1.2119,44.8938],"type":"Point"},"properties":{"country":"France","name":"Le Porge, France","role":"landing"},"type":"Feature"},{"geometry":{"coordinates":[-88.5561,30.3658],"type":"Point"},"properties":{"country":"United States","name":"Pascagoula, MS, United States","role":"landing"},"type":"Feature"},{"geometry":{"coordinates":[-95.3444,28.9496],"type":"Point"},"properties":{"country":"United States","name":"Freeport, TX, United States","role":"landing"},"type":"Feature"},{"geometry":{"coordinates":[8.1931,55.7646],"type":"Point"},"properties":{"country":"Denmark","name":"Houstrup, Denmark","role":"landing"},"type":"Feature"},{"geometry":{"coordinates":[109.2197,13.783],"type":"Point"},"properties":{"country":"Vietnam","name":"Quy Nhon, Vietnam","role":"landing"},"type":"Feature"},{"geometry":{"coordinates":[55.3922,25.3523],"type":"Point"},"properties":{"country":"United Arab Emirates","name":"Sharjah, United Arab Emirates","role":"landing"},"type":"Feature"},{"geometry":{"coordinates":[54.2211,25.2408],"type":"Point"},"properties":{"country":"United Arab Emirates","name":"Sir Abu Nu'Ayr Island, United Arab Emirates","role":"landing"},"type":"Feature"},{"geometry":{"coordinates":[-62.2202,16.7723],"type":"Point"},"properties":{"country":"Montserrat","name":"Bunkum Bay, Montserrat","role":"landing"},"type":"Feature"},{"geometry":{"coordinates":[167.2605,-20.937],"type":"Point"},"properties":{"country":"New Caledonia","name":"We, New Caledonia","role":"landing"},"type":"Feature"},{"geometry":{"coordinates":[167.8795,-21.5481],"type":"Point"},"properties":{"country":"New Caledonia","name":"Tadine, New Caledonia","role":"landing"},"type":"Feature"},{"geometry":{"coordinates":[167.4942,-22.6719],"type":"Point"},"properties":{"country":"New Caledonia","name":"Vao, New Caledonia","role":"landing"},"type":"Feature"},{"geometry":{"coordinates":[-16.5864,28.3976],"type":"Point"},"properties":{"country":"Spain","name":"Los Realejos, Canary Islands, Spain","role":"landing"},"type":"Feature"},{"geometry":{"coordinates":[-61.0739,16.3036],"type":"Point"},"properties":{"country":"Guadeloupe","name":"Beausejour, Guadeloupe","role":"landing"},"type":"Feature"},{"geometry":{"coordinates":[-61.3191,15.9534],"type":"Point"},"properties":{"country":"Guadeloupe","name":"Saint-Louis, Guadeloupe","role":"landing"},"type":"Feature"},{"geometry":{"coordinates":[-61.5647,16.0424],"type":"Point"},"properties":{"country":"Guadeloupe","name":"Capesterre-Belle-Eau, Guadeloupe","role":"landing"},"type":"Feature"},{"geometry":{"coordinates":[-61.5788,15.873],"type":"Point"},"properties":{"country":"Guadeloupe","name":"Terre-de-Haut, Guadeloupe","role":"landing"},"type":"Feature"},{"geometry":{"coordinates":[-6.1146,53.4932],"type":"Point"},"properties":{"country":"Ireland","name":"Portrane, Ireland","role":"landing"},"type":"Feature"},{"geometry":{"coordinates":[113.5767,22.2707],"type":"Point"},"properties":{"country":"China","name":"Zhuhai, China","role":"landing"},"type":"Feature"},{"geometry":{"coordinates":[110.7618,20.0453],"type":"Point"},"properties":{"country":"China","name":"Wenchang, China","role":"landing"},"type":"Feature"},{"geometry":{"coordinates":[-81.0091,-2.2285],"type":"Point"},"properties":{"country":"Ecuador","name":"Salinas, Ecuador","role":"landing"},"type":"Feature"},{"geometry":{"coordinates":[5.3328,60.3907],"type":"Point"},"properties":{"country":"Norway","name":"Bergen, Norway","role":"landing"},"type":"Feature"},{"geometry":{"coordinates":[126.7474,26.3488],"type":"Point"},"properties":{"country":"Japan","name":"Nakadomari, Japan","role":"landing"},"type":"Feature"},{"geometry":{"coordinates":[125.3013,24.7946],"type":"Point"},"properties":{"country":"Japan","name":"Hirara, Japan","role":"landing"},"type":"Feature"},{"geometry":{"coordinates":[127.7008,26.0878],"type":"Point"},"properties":{"country":"Japan","name":"Komesu, Japan","role":"landing"},"type":"Feature"},{"geometry":{"coordinates":[-63.0551,18.0245],"type":"Point"},"properties":{"country":"Sint Maarten","name":"Great Bay Beach, Sint Maarten","role":"landing"},"type":"Feature"},{"geometry":{"coordinates":[-15.694,28.1499],"type":"Point"},"properties":{"country":"Spain","name":"Sardina, Canary Islands, Spain","role":"landing"},"type":"Feature"},{"geometry":{"coordinates":[-14.3584,28.0487],"type":"Point"},"properties":{"country":"Spain","name":"Morrojable, Canary Islands, Spain","role":"landing"},"type":"Feature"},{"geometry":{"coordinates":[-15.3907,27.8955],"type":"Point"},"properties":{"country":"Spain","name":"Aguimes, Canary Islands, Spain","role":"landing"},"type":"Feature"},{"geometry":{"coordinates":[124.0077,11.0459],"type":"Point"},"properties":{"country":"Philippines","name":"Bogo, Philippines","role":"landing"},"type":"Feature"},{"geometry":{"coordinates":[123.6914,10.2382],"type":"Point"},"properties":{"country":"Philippines","name":"Naga, Philippines","role":"landing"},"type":"Feature"},{"geometry":{"coordinates":[125.4207,8.9689],"type":"Point"},"properties":{"country":"Philippines","name":"Buenavista, Philippines","role":"landing"},"type":"Feature"},{"geometry":{"coordinates":[123.9363,11.0833],"type":"Point"},"properties":{"country":"Philippines","name":"San Remigio, Philippines","role":"landing"},"type":"Feature"},{"geometry":{"coordinates":[122.9678,10.7394],"type":"Point"},"properties":{"country":"Philippines","name":"Talisay City, Philippines","role":"landing"},"type":"Feature"},{"geometry":{"coordinates":[122.5894,10.7866],"type":"Point"},"properties":{"country":"Philippines","name":"Leganes, Philippines","role":"landing"},"type":"Feature"},{"geometry":{"coordinates":[123.5091,12.2181],"type":"Point"},"properties":{"country":"Philippines","name":"Milagros, Philippines","role":"landing"},"type":"Feature"},{"geometry":{"coordinates":[121.5277,12.5864],"type":"Point"},"properties":{"country":"Philippines","name":"Roxas, Philippines","role":"landing"},"type":"Feature"},{"geometry":{"coordinates":[121.4489,13.8099],"type":"Point"},"properties":{"country":"Philippines","name":"San Juan, Philippines","role":"landing"},"type":"Feature"},{"geometry":{"coordinates":[-61.2745,16.2511],"type":"Point"},"properties":{"country":"Guadeloupe","name":"Saint-François, Guadeloupe","role":"landing"},"type":"Feature"},{"geometry":{"coordinates":[32.2845,31.2593],"type":"Point"},"properties":{"country":"Egypt","name":"Port Said, Egypt","role":"landing"},"type":"Feature"},{"geometry":{"coordinates":[58.4078,23.5841],"type":"Point"},"properties":{"country":"Oman","name":"Muscat, Oman","role":"landing"},"type":"Feature"},{"geometry":{"coordinates":[-70.1617,18.6996],"type":"Point"},"properties":{"country":"Dominican Republic","name":"Cacique, Dominican Republic","role":"landing"},"type":"Feature"},{"geometry":{"coordinates":[121.0824,18.6062],"type":"Point"},"properties":{"country":"Philippines","name":"Claveria, Philippines","role":"landing"},"type":"Feature"},{"geometry":{"coordinates":[-145.7547,60.5427],"type":"Point"},"properties":{"country":"United States","name":"Cordova, AK, United States","role":"landing"},"type":"Feature"},{"geometry":{"coordinates":[144.3269,-38.3292],"type":"Point"},"properties":{"country":"Australia","name":"Torquay, VIC, Australia","role":"landing"},"type":"Feature"},{"geometry":{"coordinates":[138.5999,-34.9261],"type":"Point"},"properties":{"country":"Australia","name":"Adelaide, SA, Australia","role":"landing"},"type":"Feature"},{"geometry":{"coordinates":[130.8933,37.4893],"type":"Point"},"properties":{"country":"South Korea","name":"Ulleung, South Korea","role":"landing"},"type":"Feature"},{"geometry":{"coordinates":[129.3387,37.1751],"type":"Point"},"properties":{"country":"South Korea","name":"Hosan-ri, South Korea","role":"landing"},"type":"Feature"},{"geometry":{"coordinates":[126.9093,33.4416],"type":"Point"},"properties":{"country":"South Korea","name":"Goseong-ri, South Korea","role":"landing"},"type":"Feature"},{"geometry":{"coordinates":[128.0274,34.7284],"type":"Point"},"properties":{"country":"South Korea","name":"Mijo-myeon, South Korea","role":"landing"},"type":"Feature"},{"geometry":{"coordinates":[127.286,34.6094],"type":"Point"},"properties":{"country":"South Korea","name":"Goheung, South Korea","role":"landing"},"type":"Feature"},{"geometry":{"coordinates":[139.549,39.195],"type":"Point"},"properties":{"country":"Japan","name":"Tobishima, Japan","role":"landing"},"type":"Feature"},{"geometry":{"coordinates":[139.9096,39.021],"type":"Point"},"properties":{"country":"Japan","name":"Yuza, Japan","role":"landing"},"type":"Feature"},{"geometry":{"coordinates":[12.4958,41.9031],"type":"Point"},"properties":{"country":"Italy","name":"Rome, Italy","role":"landing"},"type":"Feature"},{"geometry":{"coordinates":[9.4509,42.6973],"type":"Point"},"properties":{"country":"France","name":"Bastia, France","role":"landing"},"type":"Feature"},{"geometry":{"coordinates":[9.6132,41.0048],"type":"Point"},"properties":{"country":"Italy","name":"Golfo Aranci, Italy","role":"landing"},"type":"Feature"},{"geometry":{"coordinates":[-73.3968,-38.7871],"type":"Point"},"properties":{"country":"Chile","name":"Puerto Saavedra, Chile","role":"landing"},"type":"Feature"},{"geometry":{"coordinates":[-70.8124,-27.062],"type":"Point"},"properties":{"country":"Chile","name":"Caldera, Chile","role":"landing"},"type":"Feature"},{"geometry":{"coordinates":[-72.4161,-35.3184],"type":"Point"},"properties":{"country":"Chile","name":"Constitución, Chile","role":"landing"},"type":"Feature"},{"geometry":{"coordinates":[-71.6001,-33.5469],"type":"Point"},"properties":{"country":"Chile","name":"Cartagena, Chile","role":"landing"},"type":"Feature"},{"geometry":{"coordinates":[-73.109,-36.8317],"type":"Point"},"properties":{"country":"Chile","name":"San Pedro de la Paz, Chile","role":"landing"},"type":"Feature"},{"geometry":{"coordinates":[-146.6119,60.4825],"type":"Point"},"properties":{"country":"United States","name":"Johnstone Point, AK, United States","role":"landing"},"type":"Feature"},{"geometry":{"coordinates":[-148.0108,60.0651],"type":"Point"},"properties":{"country":"United States","name":"Chenega, AK, United States","role":"landing"},"type":"Feature"},{"geometry":{"coordinates":[2.1688,41.3856],"type":"Point"},"properties":{"country":"Spain","name":"Barcelona, Spain","role":"landing"},"type":"Feature"},{"geometry":{"coordinates":[-81.73,12.5511],"type":"Point"},"properties":{"country":"Colombia","name":"Schooner Bight, Colombia","role":"landing"},"type":"Feature"},{"geometry":{"coordinates":[-66.6266,17.9827],"type":"Point"},"properties":{"country":"United States","name":"Ponce, PR, United States","role":"landing"},"type":"Feature"},{"geometry":{"coordinates":[-69.9405,18.4868],"type":"Point"},"properties":{"country":"Dominican Republic","name":"Santo Domingo, Dominican Republic","role":"landing"},"type":"Feature"},{"geometry":{"coordinates":[-123.0568,48.9887],"type":"Point"},"properties":{"country":"United States","name":"Point Roberts, WA, United States","role":"landing"},"type":"Feature"},{"geometry":{"coordinates":[-122.3294,47.6036],"type":"Point"},"properties":{"country":"United States","name":"Seattle, WA, United States","role":"landing"},"type":"Feature"},{"geometry":{"coordinates":[-123.3672,48.5204],"type":"Point"},"properties":{"country":"Canada","name":"Cordova Bay, BC, Canada","role":"landing"},"type":"Feature"},{"geometry":{"coordinates":[-122.6471,48.2906],"type":"Point"},"properties":{"country":"United States","name":"Oak Harbor, WA, United States","role":"landing"},"type":"Feature"},{"geometry":{"coordinates":[-123.4146,48.4301],"type":"Point"},"properties":{"country":"Canada","name":"Esquimalt, BC, Canada","role":"landing"},"type":"Feature"},{"geometry":{"coordinates":[-68.4594,48.5033],"type":"Point"},"properties":{"country":"Canada","name":"Pointe-au-Père, QC, Canada","role":"landing"},"type":"Feature"},{"geometry":{"coordinates":[-68.1525,49.221],"type":"Point"},"properties":{"country":"Canada","name":"Baie-Comeau, QC, Canada","role":"landing"},"type":"Feature"},{"geometry":{"coordinates":[-68.7093,48.3728],"type":"Point"},"properties":{"country":"Canada","name":"Bic, QC, Canada","role":"landing"},"type":"Feature"},{"geometry":{"coordinates":[-69.0836,48.7394],"type":"Point"},"properties":{"country":"Canada","name":"Forestville, QC, Canada","role":"landing"},"type":"Feature"},{"geometry":{"coordinates":[-70.1422,-20.2167],"type":"Point"},"properties":{"country":"Chile","name":"Iquique, Chile","role":"landing"},"type":"Feature"},{"geometry":{"coordinates":[-70.4,-23.65],"type":"Point"},"properties":{"country":"Chile","name":"Antofagasta, Chile","role":"landing"},"type":"Feature"},{"geometry":{"coordinates":[-71.2502,-29.9063],"type":"Point"},"properties":{"country":"Chile","name":"La Serena, Chile","role":"landing"},"type":"Feature"},{"geometry":{"coordinates":[-70.1977,-22.0884],"type":"Point"},"properties":{"country":"Chile","name":"Tocopilla, Chile","role":"landing"},"type":"Feature"},{"geometry":{"coordinates":[-78.8935,53.7736],"type":"Point"},"properties":{"country":"Canada","name":"Chisasibi, QC, Canada","role":"landing"},"type":"Feature"},{"geometry":{"coordinates":[-77.2692,60.0371],"type":"Point"},"properties":{"country":"Canada","name":"Puvirnituq, QC, Canada","role":"landing"},"type":"Feature"},{"geometry":{"coordinates":[-76.5471,56.5516],"type":"Point"},"properties":{"country":"Canada","name":"Umiujaq, QC, Canada","role":"landing"},"type":"Feature"},{"geometry":{"coordinates":[-77.7624,55.2759],"type":"Point"},"properties":{"country":"Canada","name":"Kuujjuarapik, QC, Canada","role":"landing"},"type":"Feature"},{"geometry":{"coordinates":[-78.1051,58.4551],"type":"Point"},"properties":{"country":"Canada","name":"Inukjuak, QC, Canada","role":"landing"},"type":"Feature"},{"geometry":{"coordinates":[-77.9167,62.4167],"type":"Point"},"properties":{"country":"Canada","name":"Ivujivik, QC, Canada","role":"landing"},"type":"Feature"},{"geometry":{"coordinates":[-75.6469,62.2013],"type":"Point"},"properties":{"country":"Canada","name":"Salluit, QC, Canada","role":"landing"},"type":"Feature"},{"geometry":{"coordinates":[-71.9539,61.5963],"type":"Point"},"properties":{"country":"Canada","name":"Kangiqsujuaq, QC, Canada","role":"landing"},"type":"Feature"},{"geometry":{"coordinates":[-78.1442,60.8177],"type":"Point"},"properties":{"country":"Canada","name":"Akulivik, QC, Canada","role":"landing"},"type":"Feature"},{"geometry":{"coordinates":[-74.6301,62.1149],"type":"Point"},"properties":{"country":"Canada","name":"Deception, QC, Canada","role":"landing"},"type":"Feature"},{"geometry":{"coordinates":[-69.6399,61.0417],"type":"Point"},"properties":{"country":"Canada","name":"Quaqtaq, QC, Canada","role":"landing"},"type":"Feature"},{"geometry":{"coordinates":[-70.0262,60.0234],"type":"Point"},"properties":{"country":"Canada","name":"Kangirsuk, QC, Canada","role":"landing"},"type":"Feature"},{"geometry":{"coordinates":[-69.5975,59.3057],"type":"Point"},"properties":{"country":"Canada","name":"Aupaluk, QC, Canada","role":"landing"},"type":"Feature"},{"geometry":{"coordinates":[-69.9374,58.6974],"type":"Point"},"properties":{"country":"Canada","name":"Tasiujaq, QC, Canada","role":"landing"},"type":"Feature"},{"geometry":{"coordinates":[-68.4188,58.103],"type":"Point"},"properties":{"country":"Canada","name":"Kuujjuaq, QC, Canada","role":"landing"},"type":"Feature"},{"geometry":{"coordinates":[-65.9951,58.7102],"type":"Point"},"properties":{"country":"Canada","name":"Kangiqsualujjuaq, QC, Canada","role":"landing"},"type":"Feature"},{"geometry":{"coordinates":[1.6935,52.7152],"type":"Point"},"properties":{"country":"United Kingdom","name":"Winterton-on-Sea, United Kingdom","role":"landing"},"type":"Feature"},{"geometry":{"coordinates":[4.7007,52.8369],"type":"Point"},"properties":{"country":"Netherlands","name":"Callantsoog, Netherlands","role":"landing"},"type":"Feature"},{"geometry":{"coordinates":[-72.9092,40.9608],"type":"Point"},"properties":{"country":"United States","name":"Shoreham, NY, United States","role":"landing"},"type":"Feature"},{"geometry":{"coordinates":[126.9558,33.5053],"type":"Point"},"properties":{"country":"South Korea","name":"Udo, South Korea","role":"landing"},"type":"Feature"},{"geometry":{"coordinates":[73.0414,5.6293],"type":"Point"},"properties":{"country":"Maldives","name":"Dhuvaafaru, Maldives","role":"landing"},"type":"Feature"},{"geometry":{"coordinates":[73.2751,5.6622],"type":"Point"},"properties":{"country":"Maldives","name":"Velidhoo, Maldives","role":"landing"},"type":"Feature"},{"geometry":{"coordinates":[72.8363,3.4729],"type":"Point"},"properties":{"country":"Maldives","name":"Maamigili, Maldives","role":"landing"},"type":"Feature"},{"geometry":{"coordinates":[72.8933,2.6709],"type":"Point"},"properties":{"country":"Maldives","name":"Kudahuvadhoo, Maldives","role":"landing"},"type":"Feature"},{"geometry":{"coordinates":[-157.0127,58.7321],"type":"Point"},"properties":{"country":"United States","name":"Naknek, AK, United States","role":"landing"},"type":"Feature"},{"geometry":{"coordinates":[-96.1408,19.1955],"type":"Point"},"properties":{"country":"Mexico","name":"Veracruz, Mexico","role":"landing"},"type":"Feature"},{"geometry":{"coordinates":[12.2269,41.7697],"type":"Point"},"properties":{"country":"Italy","name":"Fiumicino, Italy","role":"landing"},"type":"Feature"},{"geometry":{"coordinates":[-72.925,41.3071],"type":"Point"},"properties":{"country":"United States","name":"New Haven, CT, United States","role":"landing"},"type":"Feature"},{"geometry":{"coordinates":[-120.6625,35.2854],"type":"Point"},"properties":{"country":"United States","name":"San Luis Obispo, CA, United States","role":"landing"},"type":"Feature"},{"geometry":{"coordinates":[-119.6989,34.4193],"type":"Point"},"properties":{"country":"United States","name":"Santa Barbara, CA, United States","role":"landing"},"type":"Feature"},{"geometry":{"coordinates":[-139.6735,59.5458],"type":"Point"},"properties":{"country":"United States","name":"Yakutat, AK, United States","role":"landing"},"type":"Feature"},{"geometry":{"coordinates":[-136.2286,57.9607],"type":"Point"},"properties":{"country":"United States","name":"Pelican, AK, United States","role":"landing"},"type":"Feature"},{"geometry":{"coordinates":[-135.7208,58.4179],"type":"Point"},"properties":{"country":"United States","name":"Gustavus, AK, United States","role":"landing"},"type":"Feature"},{"geometry":{"coordinates":[-135.4338,58.1119],"type":"Point"},"properties":{"country":"United States","name":"Hoonah, AK, United States","role":"landing"},"type":"Feature"},{"geometry":{"coordinates":[114.2394,22.2689],"type":"Point"},"properties":{"country":"China","name":"Chai Wan, China","role":"landing"},"type":"Feature"},{"geometry":{"coordinates":[105.2541,-5.4092],"type":"Point"},"properties":{"country":"Indonesia","name":"Bandar Lampung, Indonesia","role":"landing"},"type":"Feature"},{"geometry":{"coordinates":[114.0971,-8.6156],"type":"Point"},"properties":{"country":"Indonesia","name":"Benculuk, Indonesia","role":"landing"},"type":"Feature"},{"geometry":{"coordinates":[-61.5711,16.2401],"type":"Point"},"properties":{"country":"Guadeloupe","name":"Jarry, Guadeloupe","role":"landing"},"type":"Feature"},{"geometry":{"coordinates":[-63.0825,18.0675],"type":"Point"},"properties":{"country":"Saint Martin","name":"Marigot, Saint Martin","role":"landing"},"type":"Feature"},{"geometry":{"coordinates":[-149.2486,-17.8494],"type":"Point"},"properties":{"country":"French Polynesia","name":"Teahupo'o, French Polynesia","role":"landing"},"type":"Feature"},{"geometry":{"coordinates":[-149.177,-17.7718],"type":"Point"},"properties":{"country":"French Polynesia","name":"Tautira, French Polynesia","role":"landing"},"type":"Feature"},{"geometry":{"coordinates":[-122.3574,47.9795],"type":"Point"},"properties":{"country":"United States","name":"Clinton, WA, United States","role":"landing"},"type":"Feature"},{"geometry":{"coordinates":[-122.3198,48.0136],"type":"Point"},"properties":{"country":"United States","name":"Hat Island, WA, United States","role":"landing"},"type":"Feature"},{"geometry":{"coordinates":[-122.4411,47.9409],"type":"Point"},"properties":{"country":"United States","name":"Maxwelton, WA, United States","role":"landing"},"type":"Feature"},{"geometry":{"coordinates":[-122.2064,47.9766],"type":"Point"},"properties":{"country":"United States","name":"Everett, WA, United States","role":"landing"},"type":"Feature"},{"geometry":{"coordinates":[-122.5737,48.0987],"type":"Point"},"properties":{"country":"United States","name":"Greenbank, WA, United States","role":"landing"},"type":"Feature"},{"geometry":{"coordinates":[-122.5097,48.1422],"type":"Point"},"properties":{"country":"United States","name":"Cama Beach, WA, United States","role":"landing"},"type":"Feature"},{"geometry":{"coordinates":[35.1064,33.0365],"type":"Point"},"properties":{"country":"Israel","name":"Nahariyya, Israel","role":"landing"},"type":"Feature"},{"geometry":{"coordinates":[34.8447,32.1624],"type":"Point"},"properties":{"country":"Israel","name":"Herzeliyya, Israel","role":"landing"},"type":"Feature"},{"geometry":{"coordinates":[34.7851,31.9778],"type":"Point"},"properties":{"country":"Israel","name":"Rishon Le’Zion, Israel","role":"landing"},"type":"Feature"},{"geometry":{"coordinates":[-1.1415,60.3514],"type":"Point"},"properties":{"country":"United Kingdom","name":"Skelberry, United Kingdom","role":"landing"},"type":"Feature"},{"geometry":{"coordinates":[-1.2871,59.8691],"type":"Point"},"properties":{"country":"United Kingdom","name":"Sumburgh, United Kingdom","role":"landing"},"type":"Feature"},{"geometry":{"coordinates":[-1.618,59.5279],"type":"Point"},"properties":{"country":"United Kingdom","name":"Fair Isle, United Kingdom","role":"landing"},"type":"Feature"},{"geometry":{"coordinates":[-2.4191,59.2898],"type":"Point"},"properties":{"country":"United Kingdom","name":"Scuthvie Bay, United Kingdom","role":"landing"},"type":"Feature"},{"geometry":{"coordinates":[-2.6537,59.1489],"type":"Point"},"properties":{"country":"United Kingdom","name":"Odie, United Kingdom","role":"landing"},"type":"Feature"},{"geometry":{"coordinates":[-2.6537,59.1489],"type":"Point"},"properties":{"country":"United Kingdom","name":"Stove, United Kingdom","role":"landing"},"type":"Feature"},{"geometry":{"coordinates":[-2.7662,59.1923],"type":"Point"},"properties":{"country":"United Kingdom","name":"Bay of London, United Kingdom","role":"landing"},"type":"Feature"},{"geometry":{"coordinates":[-2.7015,59.2063],"type":"Point"},"properties":{"country":"United Kingdom","name":"Gump of Spurness, United Kingdom","role":"landing"},"type":"Feature"},{"geometry":{"coordinates":[-2.8576,59.2554],"type":"Point"},"properties":{"country":"United Kingdom","name":"Rapness, United Kingdom","role":"landing"},"type":"Feature"},{"geometry":{"coordinates":[-2.784,59.2246],"type":"Point"},"properties":{"country":"United Kingdom","name":"Cusbay, United Kingdom","role":"landing"},"type":"Feature"},{"geometry":{"coordinates":[-3.1084,59.1135],"type":"Point"},"properties":{"country":"United Kingdom","name":"Evie, United Kingdom","role":"landing"},"type":"Feature"},{"geometry":{"coordinates":[-3.078,59.1438],"type":"Point"},"properties":{"country":"United Kingdom","name":"Westness, United Kingdom","role":"landing"},"type":"Feature"},{"geometry":{"coordinates":[-2.8177,58.9792],"type":"Point"},"properties":{"country":"United Kingdom","name":"Linksness, United Kingdom","role":"landing"},"type":"Feature"},{"geometry":{"coordinates":[-2.8362,59.0252],"type":"Point"},"properties":{"country":"United Kingdom","name":"Sandgarth, United Kingdom","role":"landing"},"type":"Feature"},{"geometry":{"coordinates":[-3.1451,58.8297],"type":"Point"},"properties":{"country":"United Kingdom","name":"Weddel, United Kingdom","role":"landing"},"type":"Feature"},{"geometry":{"coordinates":[-3.172,58.8227],"type":"Point"},"properties":{"country":"United Kingdom","name":"Crockness, United Kingdom","role":"landing"},"type":"Feature"},{"geometry":{"coordinates":[-2.9914,58.8264],"type":"Point"},"properties":{"country":"United Kingdom","name":"Hoxa, United Kingdom","role":"landing"},"type":"Feature"},{"geometry":{"coordinates":[-3.0856,58.8311],"type":"Point"},"properties":{"country":"United Kingdom","name":"Quoyness, United Kingdom","role":"landing"},"type":"Feature"},{"geometry":{"coordinates":[-6.1607,56.912],"type":"Point"},"properties":{"country":"United Kingdom","name":"Laig, United Kingdom","role":"landing"},"type":"Feature"},{"geometry":{"coordinates":[-5.8508,56.9465],"type":"Point"},"properties":{"country":"United Kingdom","name":"Morar, United Kingdom","role":"landing"},"type":"Feature"},{"geometry":{"coordinates":[-5.4124,56.5523],"type":"Point"},"properties":{"country":"United Kingdom","name":"Port Appin, United Kingdom","role":"landing"},"type":"Feature"},{"geometry":{"coordinates":[-5.4424,56.5524],"type":"Point"},"properties":{"country":"United Kingdom","name":"Port Ramsay, United Kingdom","role":"landing"},"type":"Feature"},{"geometry":{"coordinates":[-6.3681,56.323],"type":"Point"},"properties":{"country":"United Kingdom","name":"Fionnaphort, United Kingdom","role":"landing"},"type":"Feature"},{"geometry":{"coordinates":[-6.3947,56.329],"type":"Point"},"properties":{"country":"United Kingdom","name":"Baile Mòr, United Kingdom","role":"landing"},"type":"Feature"},{"geometry":{"coordinates":[-6.1778,56.2917],"type":"Point"},"properties":{"country":"United Kingdom","name":"Scoor, United Kingdom","role":"landing"},"type":"Feature"},{"geometry":{"coordinates":[6.1744,62.4715],"type":"Point"},"properties":{"country":"Norway","name":"Ålesund, Norway","role":"landing"},"type":"Feature"},{"geometry":{"coordinates":[7.1607,62.7372],"type":"Point"},"properties":{"country":"Norway","name":"Molde, Norway","role":"landing"},"type":"Feature"},{"geometry":{"coordinates":[4.8555,60.622],"type":"Point"},"properties":{"country":"Norway","name":"Sture, Norway","role":"landing"},"type":"Feature"},{"geometry":{"coordinates":[5.2934,61.1723],"type":"Point"},"properties":{"country":"Norway","name":"Hyllestad, Norway","role":"landing"},"type":"Feature"},{"geometry":{"coordinates":[6.4658,62.6144],"type":"Point"},"properties":{"country":"Norway","name":"Herlandsvika, Norway","role":"landing"},"type":"Feature"},{"geometry":{"coordinates":[7.6816,62.5658],"type":"Point"},"properties":{"country":"Norway","name":"Andalsnes, Norway","role":"landing"},"type":"Feature"},{"geometry":{"coordinates":[9.6631,63.6884],"type":"Point"},"properties":{"country":"Norway","name":"Brekstad, Norway","role":"landing"},"type":"Feature"},{"geometry":{"coordinates":[7.7297,63.1108],"type":"Point"},"properties":{"country":"Norway","name":"Kristiansund, Norway","role":"landing"},"type":"Feature"},{"geometry":{"coordinates":[5.5223,62.036],"type":"Point"},"properties":{"country":"Norway","name":"Åheim, Norway","role":"landing"},"type":"Feature"},{"geometry":{"coordinates":[5.4985,61.9355],"type":"Point"},"properties":{"country":"Norway","name":"Lefdal, Norway","role":"landing"},"type":"Feature"},{"geometry":{"coordinates":[4.9759,61.5963],"type":"Point"},"properties":{"country":"Norway","name":"Florø, Norway","role":"landing"},"type":"Feature"},{"geometry":{"coordinates":[8.694,63.4082],"type":"Point"},"properties":{"country":"Norway","name":"Tjeldbergodden, Norway","role":"landing"},"type":"Feature"},{"geometry":{"coordinates":[8.9753,63.5046],"type":"Point"},"properties":{"country":"Norway","name":"Hitra, Norway","role":"landing"},"type":"Feature"},{"geometry":{"coordinates":[8.0934,63.301],"type":"Point"},"properties":{"country":"Norway","name":"Edøya, Norway","role":"landing"},"type":"Feature"},{"geometry":{"coordinates":[-0.9668,60.6874],"type":"Point"},"properties":{"country":"United Kingdom","name":"Belmont, United Kingdom","role":"landing"},"type":"Feature"},{"geometry":{"coordinates":[-1.0072,60.6694],"type":"Point"},"properties":{"country":"United Kingdom","name":"Gutcher, United Kingdom","role":"landing"},"type":"Feature"},{"geometry":{"coordinates":[-1.0556,60.4994],"type":"Point"},"properties":{"country":"United Kingdom","name":"Burravoe, United Kingdom","role":"landing"},"type":"Feature"},{"geometry":{"coordinates":[-1.1822,60.4591],"type":"Point"},"properties":{"country":"United Kingdom","name":"Mossbank, United Kingdom","role":"landing"},"type":"Feature"},{"geometry":{"coordinates":[-1.0249,60.341],"type":"Point"},"properties":{"country":"United Kingdom","name":"Symbister, United Kingdom","role":"landing"},"type":"Feature"},{"geometry":{"coordinates":[73.6441,10.0698],"type":"Point"},"properties":{"country":"India","name":"Kalpeni, India","role":"landing"},"type":"Feature"},{"geometry":{"coordinates":[73.0512,8.2746],"type":"Point"},"properties":{"country":"India","name":"Minicoy, India","role":"landing"},"type":"Feature"},{"geometry":{"coordinates":[73.6741,10.8109],"type":"Point"},"properties":{"country":"India","name":"Andrott, India","role":"landing"},"type":"Feature"},{"geometry":{"coordinates":[72.6407,10.5647],"type":"Point"},"properties":{"country":"India","name":"Kavaratti, India","role":"landing"},"type":"Feature"},{"geometry":{"coordinates":[72.1954,10.8629],"type":"Point"},"properties":{"country":"India","name":"Agatti, India","role":"landing"},"type":"Feature"},{"geometry":{"coordinates":[72.2872,10.9399],"type":"Point"},"properties":{"country":"India","name":"Bangaram, India","role":"landing"},"type":"Feature"},{"geometry":{"coordinates":[72.7776,11.2272],"type":"Point"},"properties":{"country":"India","name":"Kadmat, India","role":"landing"},"type":"Feature"},{"geometry":{"coordinates":[72.1859,11.5984],"type":"Point"},"properties":{"country":"India","name":"Bitra, India","role":"landing"},"type":"Feature"},{"geometry":{"coordinates":[72.7106,11.6898],"type":"Point"},"properties":{"country":"India","name":"Chetlat, India","role":"landing"},"type":"Feature"},{"geometry":{"coordinates":[73.0064,11.4852],"type":"Point"},"properties":{"country":"India","name":"Kiltan, India","role":"landing"},"type":"Feature"},{"geometry":{"coordinates":[72.7229,11.1243],"type":"Point"},"properties":{"country":"India","name":"Amini, India","role":"landing"},"type":"Feature"},{"geometry":{"coordinates":[-2.4638,36.8419],"type":"Point"},"properties":{"country":"Spain","name":"Almería, Spain","role":"landing"},"type":"Feature"},{"geometry":{"coordinates":[-2.9381,35.2923],"type":"Point"},"properties":{"country":"Spain","name":"Melilla, Spain","role":"landing"},"type":"Feature"},{"geometry":{"coordinates":[-2.6125,36.7638],"type":"Point"},"properties":{"country":"Spain","name":"Roquetas de Mar, Spain","role":"landing"},"type":"Feature"},{"geometry":{"coordinates":[-117.0638,32.3576],"type":"Point"},"properties":{"country":"Mexico","name":"Rosarito, Mexico","role":"landing"},"type":"Feature"},{"geometry":{"coordinates":[-123.9734,45.1466],"type":"Point"},"properties":{"country":"United States","name":"Winema, OR, United States","role":"landing"},"type":"Feature"},{"geometry":{"coordinates":[-3.4823,47.6502],"type":"Point"},"properties":{"country":"France","name":"Port Nâl, France","role":"landing"},"type":"Feature"},{"geometry":{"coordinates":[-3.4456,47.6974],"type":"Point"},"properties":{"country":"France","name":"Petit Perello, France","role":"landing"},"type":"Feature"},{"geometry":{"coordinates":[-6.1802,56.1036],"type":"Point"},"properties":{"country":"United Kingdom","name":"Kiloran Bay, United Kingdom","role":"landing"},"type":"Feature"},{"geometry":{"coordinates":[36.5911,45.431],"type":"Point"},"properties":{"country":"Ukraine","name":"Osoviny, Ukraine","role":"landing"},"type":"Feature"},{"geometry":{"coordinates":[109.1053,21.4845],"type":"Point"},"properties":{"country":"China","name":"Beihai, China","role":"landing"},"type":"Feature"},{"geometry":{"coordinates":[109.6776,19.9048],"type":"Point"},"properties":{"country":"China","name":"Lingao, China","role":"landing"},"type":"Feature"},{"geometry":{"coordinates":[121.9457,30.1719],"type":"Point"},"properties":{"country":"China","name":"Mamu, China","role":"landing"},"type":"Feature"},{"geometry":{"coordinates":[121.6399,30.0431],"type":"Point"},"properties":{"country":"China","name":"Xiepu, China","role":"landing"},"type":"Feature"},{"geometry":{"coordinates":[121.5765,38.9438],"type":"Point"},"properties":{"country":"China","name":"Dalian, China","role":"landing"},"type":"Feature"},{"geometry":{"coordinates":[121.4,37.53],"type":"Point"},"properties":{"country":"China","name":"Yantai, China","role":"landing"},"type":"Feature"},{"geometry":{"coordinates":[177.6403,64.7378],"type":"Point"},"properties":{"country":"Russia","name":"Ugolnye Kopi, Russia","role":"landing"},"type":"Feature"},{"geometry":{"coordinates":[-80.449,22.1459],"type":"Point"},"properties":{"country":"Cuba","name":"Cienfuegos, Cuba","role":"landing"},"type":"Feature"},{"geometry":{"coordinates":[17.9436,59.4029],"type":"Point"},"properties":{"country":"Sweden","name":"Kista, Sweden","role":"landing"},"type":"Feature"},{"geometry":{"coordinates":[30.8804,-30.0577],"type":"Point"},"properties":{"country":"South Africa","name":"Amanzimtoti, South Africa","role":"landing"},"type":"Feature"},{"geometry":{"coordinates":[39.7451,-3.9461],"type":"Point"},"properties":{"country":"Kenya","name":"Mtwapa, Kenya","role":"landing"},"type":"Feature"},{"geometry":{"coordinates":[20.908,59.921],"type":"Point"},"properties":{"country":"Finland","name":"Kökar, Finland","role":"landing"},"type":"Feature"},{"geometry":{"coordinates":[-5.8438,36.1348],"type":"Point"},"properties":{"country":"Spain","name":"Zahara de los Atunes, Spain","role":"landing"},"type":"Feature"},{"geometry":{"coordinates":[-2.933,35.17],"type":"Point"},"properties":{"country":"Morocco","name":"Nador, Morocco","role":"landing"},"type":"Feature"},{"geometry":{"coordinates":[6.5572,37.003],"type":"Point"},"properties":{"country":"Algeria","name":"Collo, Algeria","role":"landing"},"type":"Feature"},{"geometry":{"coordinates":[122.0333,11.8679],"type":"Point"},"properties":{"country":"Philippines","name":"Nabas, Philippines","role":"landing"},"type":"Feature"},{"geometry":{"coordinates":[124.0173,11.2465],"type":"Point"},"properties":{"country":"Philippines","name":"Daanbantayan, Philippines","role":"landing"},"type":"Feature"},{"geometry":{"coordinates":[25.6233,-33.9625],"type":"Point"},"properties":{"country":"South Africa","name":"Gqeberha, South Africa","role":"landing"},"type":"Feature"},{"geometry":{"coordinates":[7.9974,4.5438],"type":"Point"},"properties":{"country":"Nigeria","name":"Kwa Ibo, Nigeria","role":"landing"},"type":"Feature"},{"geometry":{"coordinates":[-15.5966,27.9577],"type":"Point"},"properties":{"country":"Spain","name":"Gran Canaria, Canary Islands, Spain","role":"landing"},"type":"Feature"},{"geometry":{"coordinates":[55.453,-4.5657],"type":"Point"},"properties":{"country":"Seychelles","name":"Carana, Seychelles","role":"landing"},"type":"Feature"},{"geometry":{"coordinates":[120.6455,24.4325],"type":"Point"},"properties":{"country":"Taiwan","name":"Yuanli, Taiwan","role":"landing"},"type":"Feature"},{"geometry":{"coordinates":[118.4394,24.4375],"type":"Point"},"properties":{"country":"Taiwan","name":"Jinhu Township, Taiwan","role":"landing"},"type":"Feature"},{"geometry":{"coordinates":[120.1705,23.3628],"type":"Point"},"properties":{"country":"Taiwan","name":"Budai, Taiwan","role":"landing"},"type":"Feature"},{"geometry":{"coordinates":[119.6562,23.5736],"type":"Point"},"properties":{"country":"Taiwan","name":"Huxi Township, Taiwan","role":"landing"},"type":"Feature"},{"geometry":{"coordinates":[118.3158,24.4134],"type":"Point"},"properties":{"country":"Taiwan","name":"Jincheng Township, Taiwan","role":"landing"},"type":"Feature"},{"geometry":{"coordinates":[120.1809,22.9972],"type":"Point"},"properties":{"country":"Taiwan","name":"Tainan, Taiwan","role":"landing"},"type":"Feature"},{"geometry":{"coordinates":[121.3111,24.9889],"type":"Point"},"properties":{"country":"Taiwan","name":"Taoyuan, Taiwan","role":"landing"},"type":"Feature"},{"geometry":{"coordinates":[119.5745,23.5715],"type":"Point"},"properties":{"country":"Taiwan","name":"Magong, Taiwan","role":"landing"},"type":"Feature"},{"geometry":{"coordinates":[119.512,23.6019],"type":"Point"},"properties":{"country":"Taiwan","name":"Xiyu Township, Taiwan","role":"landing"},"type":"Feature"},{"geometry":{"coordinates":[119.9886,26.2254],"type":"Point"},"properties":{"country":"Taiwan","name":"Beigan, Taiwan","role":"landing"},"type":"Feature"},{"geometry":{"coordinates":[124.0847,12.5853],"type":"Point"},"properties":{"country":"Philippines","name":"Matnog, Philippines","role":"landing"},"type":"Feature"},{"geometry":{"coordinates":[18.422,-33.9191],"type":"Point"},"properties":{"country":"South Africa","name":"Cape Town, South Africa","role":"landing"},"type":"Feature"},{"geometry":{"coordinates":[-8.9638,51.5727],"type":"Point"},"properties":{"country":"Ireland","name":"Castlefreke, Ireland","role":"landing"},"type":"Feature"},{"geometry":{"coordinates":[-80.1931,25.7824],"type":"Point"},"properties":{"name":"NAP of the Americas","role":"ixp"},"type":"Feature"},{"geometry":{"coordinates":[46.6433,24.7173],"type":"Point"},"properties":{"name":"Saudi Arabian Internet Exchange","role":"ixp"},"type":"Feature"},{"geometry":{"coordinates":[11.5262,48.1401],"type":"Point"},"properties":{"country":"DE","name":"INXS","role":"ixp"},"type":"Feature"},{"geometry":{"coordinates":[-0.0034,51.5115],"type":"Point"},"properties":{"country":"GB","name":"London Internet Exchange","role":"ixp"},"type":"Feature"},{"geometry":{"coordinates":[17.1133,48.1514],"type":"Point"},"properties":{"country":"SK","name":"SIX","role":"ixp"},"type":"Feature"},{"geometry":{"coordinates":[21.2453,48.7306],"type":"Point"},"properties":{"country":"SK","name":"SIX","role":"ixp"},"type":"Feature"},{"geometry":{"coordinates":[13.1878,46.0775],"type":"Point"},"properties":{"country":"IT","name":"FVG-IX - Friuli Venezia Giulia Internet eXchange","role":"ixp"},"type":"Feature"},{"geometry":{"coordinates":[12.5122,41.8989],"type":"Point"},"properties":{"country":"IT","name":"NaMeX","role":"ixp"},"type":"Feature"},{"geometry":{"coordinates":[174.7621,-36.8484],"type":"Point"},"properties":{"country":"NZ","name":"Auckland Peering Exchange","role":"ixp"},"type":"Feature"},{"geometry":{"coordinates":[31.24,30.055],"type":"Point"},"properties":{"country":"EG","name":"Ramses Exchange","role":"ixp"},"type":"Feature"}],"type":"FeatureCollection"}